w/a.mp3	a.	3
p/a.mp3	A cat naps in the sun.	3
w/at.mp3	at.	3
p/at.mp3	Sam is at school.	3
w/sat.mp3	sat.	3
p/sat.mp3	Pat sat on the mat.	3
w/the.mp3	the.	3
w/apt.mp3	apt.	4
p/apt.mp3	That is an apt name.	4
w/i.mp3	I.	4
w/is.mp3	is.	4
w/pass.mp3	pass.	4
p/pass.mp3	Pass the pan to Mum, please.	4
w/past.mp3	past.	4
p/past.mp3	The cat ran past the tent.	4
w/pat.mp3	pat.	4
p/pat.mp3	Pat the cat gently.	4
w/sap.mp3	sap.	4
p/sap.mp3	Sap drips from the tree.	4
w/spat.mp3	spat.	4
w/tap.mp3	tap.	4
p/tap.mp3	Turn off the tap.	4
w/taps.mp3	taps.	4
p/taps.mp3	Sam taps the desk with a pen.	4
w/his.mp3	his.	5
w/it.mp3	it.	5
p/it.mp3	Pick it up, please.	5
w/its.mp3	its.	5
p/its.mp3	The cat licks its paw.	5
w/pip.mp3	pip.	5
w/pit.mp3	pit.	5
p/pit.mp3	Do not eat the pit.	5
w/pits.mp3	pits.	5
p/pits.mp3	Plums have pits.	5
w/sip.mp3	sip.	5
p/sip.mp3	Take a sip of milk.	5
w/sit.mp3	sit.	5
p/sit.mp3	Sit on the mat.	5
w/sits.mp3	sits.	5
p/sits.mp3	Pat sits in the sun.	5
w/spit.mp3	spit.	5
p/spit.mp3	Do not spit!	5
w/spits.mp3	spits.	5
w/tip.mp3	tip.	5
p/tip.mp3	The tip of the pen is red.	5
w/tips.mp3	tips.	5
p/tips.mp3	The tips of the pins are sharp.	5
w/to.mp3	to.	5
w/an.mp3	an.	6
p/an.mp3	An ant is on the step.	6
w/ant.mp3	ant.	6
p/ant.mp3	An ant is on the leaf.	6
w/ants.mp3	ants.	6
p/ants.mp3	Ants can lift big crumbs.	6
w/he.mp3	he.	6
w/in.mp3	in.	6
p/in.mp3	The ant is in the tin.	6
w/insist.mp3	insist.	6
w/insists.mp3	insists.	6
w/nap.mp3	nap.	6
p/nap.mp3	The cat has a nap.	6
w/naps.mp3	naps.	6
w/nip.mp3	nip.	6
w/nit.mp3	nit.	6
w/pan.mp3	pan.	6
p/pan.mp3	Mum has a hot pan.	6
w/pant.mp3	pant.	6
w/pants.mp3	pants.	6
p/pants.mp3	Pat has red pants.	6
w/pin.mp3	pin.	6
p/pin.mp3	Mum has a pin.	6
w/she.mp3	she.	6
w/snap.mp3	snap.	6
p/snap.mp3	Snap the stick in two.	6
w/snaps.mp3	snaps.	6
p/snaps.mp3	The stick snaps.	6
w/span.mp3	span.	6
p/span.mp3	The bridge has a long span.	6
w/spin.mp3	spin.	6
p/spin.mp3	Spin the top!	6
w/stint.mp3	stint.	6
p/stint.mp3	Dad did a stint on the farm.	6
w/tan.mp3	tan.	6
p/tan.mp3	Sam has a tan cat.	6
w/tin.mp3	tin.	6
p/tin.mp3	The tin is on the shelf.	6
w/tint.mp3	tint.	6
s/6-1.mp3	Pat sits in a pit.	6
s/6-2.mp3	"I spin!" Spin, spin, spin!	6
s/6-3.mp3	An ant is in the pit.	6
s/6-4.mp3	Pat tips his tin to the ant.	6
s/6-5.mp3	The ant sits in the tin. Tap, tap!	6
s/6-6.mp3	Nan sits in the pit. She pats Pat.	6
s/6-7.mp3	Pat is in the pit. He naps.	6
w/act.mp3	act.	7
p/act.mp3	Act like a cat!	7
w/acts.mp3	acts.	7
p/acts.mp3	Sam acts fast.	7
w/antics.mp3	antics.	7
w/ask.mp3	ask.	7
p/ask.mp3	Ask Dad for help.	7
w/asks.mp3	asks.	7
p/asks.mp3	Sam asks for milk.	7
w/can.mp3	can.	7
p/can.mp3	I can sit still.	7
w/cap.mp3	cap.	7
p/cap.mp3	Dad has a red cap.	7
w/caps.mp3	caps.	7
p/caps.mp3	The men have caps.	7
w/cast.mp3	cast.	7
p/cast.mp3	Pat has a cast on his leg.	7
w/casts.mp3	casts.	7
p/casts.mp3	Dad casts the net.	7
w/cat.mp3	cat.	7
p/cat.mp3	The cat sat on the mat.	7
w/cats.mp3	cats.	7
p/cats.mp3	Two cats nap on the bed.	7
w/intact.mp3	intact.	7
w/kan.mp3	kan.	7
w/kick.mp3	kick.	7
p/kick.mp3	Kick the ball!	7
w/kicks.mp3	kicks.	7
p/kicks.mp3	Pat kicks the ball.	7
w/kin.mp3	kin.	7
p/kin.mp3	Visit your kin.	7
w/kiss.mp3	kiss.	7
p/kiss.mp3	Mum gives Sam a kiss.	7
w/kit.mp3	kit.	7
p/kit.mp3	Dad has a tool kit.	7
w/kits.mp3	kits.	7
p/kits.mp3	Kits for the class.	7
w/me.mp3	me.	7
w/napkin.mp3	napkin.	7
w/nicks.mp3	nicks.	7
w/nik.mp3	nik.	7
w/pack.mp3	pack.	7
p/pack.mp3	Pack your bag for the trip.	7
w/packs.mp3	packs.	7
p/packs.mp3	Sam packs his bag.	7
w/pact.mp3	pact.	7
p/pact.mp3	The kids made a pact.	7
w/panic.mp3	panic.	7
w/pick.mp3	pick.	7
p/pick.mp3	Pick a red apple.	7
w/picks.mp3	picks.	7
p/picks.mp3	Mum picks figs.	7
w/picnic.mp3	picnic.	7
w/sack.mp3	sack.	7
p/sack.mp3	A sack of sand.	7
w/sacks.mp3	sacks.	7
p/sacks.mp3	Sacks of rice.	7
w/scan.mp3	scan.	7
p/scan.mp3	Scan the page.	7
w/scant.mp3	scant.	7
w/sick.mp3	sick.	7
p/sick.mp3	Sam is sick in bed.	7
w/skin.mp3	skin.	7
p/skin.mp3	An apple has red skin.	7
w/skip.mp3	skip.	7
p/skip.mp3	Skip to the tent!	7
w/skips.mp3	skips.	7
w/skit.mp3	skit.	7
w/snack.mp3	snack.	7
p/snack.mp3	A snack after school.	7
w/snacks.mp3	snacks.	7
p/snacks.mp3	Snacks are on the desk.	7
w/stack.mp3	stack.	7
p/stack.mp3	A stack of tins.	7
w/stacks.mp3	stacks.	7
w/static.mp3	static.	7
w/stick.mp3	stick.	7
p/stick.mp3	Pat picks up a stick.	7
w/sticks.mp3	sticks.	7
p/sticks.mp3	Sticks are on the grass.	7
w/tack.mp3	tack.	7
w/tact.mp3	tact.	7
w/tactic.mp3	tactic.	7
w/tactics.mp3	tactics.	7
w/task.mp3	task.	7
p/task.mp3	Tidy up is a big task.	7
w/tasks.mp3	tasks.	7
p/tasks.mp3	Sam does his tasks.	7
w/tic.mp3	tic.	7
w/tick.mp3	tick.	7
p/tick.mp3	Tick the box.	7
w/ticks.mp3	ticks.	7
w/we.mp3	we.	7
w/aspect.mp3	aspect.	8
w/aspects.mp3	aspects.	8
w/asset.mp3	asset.	8
w/assets.mp3	assets.	8
w/be.mp3	be.	8
w/ecstatic.mp3	ecstatic.	8
w/ent.mp3	ent.	8
w/epic.mp3	epic.	8
w/inept.mp3	inept.	8
w/insect.mp3	insect.	8
w/insects.mp3	insects.	8
w/inspect.mp3	inspect.	8
w/intent.mp3	intent.	8
w/kept.mp3	kept.	8
p/kept.mp3	Pat kept the shell.	8
w/kinetic.mp3	kinetic.	8
w/neck.mp3	neck.	8
p/neck.mp3	A scarf on his neck.	8
w/necks.mp3	necks.	8
w/nest.mp3	nest.	8
p/nest.mp3	Eggs in a nest.	8
w/nests.mp3	nests.	8
w/net.mp3	net.	8
p/net.mp3	Dad has a fishing net.	8
w/nets.mp3	nets.	8
p/nets.mp3	Nets on the boat.	8
w/peck.mp3	peck.	8
w/pen.mp3	pen.	8
p/pen.mp3	A red pen.	8
w/pep.mp3	pep.	8
p/pep.mp3	Sam has lots of pep.	8
w/pest.mp3	pest.	8
p/pest.mp3	A rat is a pest.	8
w/pests.mp3	pests.	8
w/pet.mp3	pet.	8
p/pet.mp3	The cat is our pet.	8
w/pets.mp3	pets.	8
p/pets.mp3	Cats can be pets.	8
w/sects.mp3	sects.	8
w/sent.mp3	sent.	8
p/sent.mp3	Mum sent a card.	8
w/sepsis.mp3	sepsis.	8
w/septic.mp3	septic.	8
w/set.mp3	set.	8
p/set.mp3	Set the table, please.	8
w/sets.mp3	sets.	8
p/sets.mp3	Two sets of pens.	8
w/skeptics.mp3	skeptics.	8
w/speck.mp3	speck.	8
w/specs.mp3	specs.	8
p/specs.mp3	Grandad has specs.	8
w/spent.mp3	spent.	8
p/spent.mp3	We spent a day at the park.	8
w/step.mp3	step.	8
p/step.mp3	Mind the step!	8
w/steps.mp3	steps.	8
p/steps.mp3	Go up the steps.	8
w/tec.mp3	tec.	8
w/ten.mp3	ten.	8
p/ten.mp3	Sam has ten pens.	8
w/tent.mp3	tent.	8
p/tent.mp3	We sit in the tent.	8
w/tents.mp3	tents.	8
p/tents.mp3	Tents at the camp.	8
w/test.mp3	test.	8
p/test.mp3	Sam has a spelling test.	8
w/tests.mp3	tests.	8
p/tests.mp3	Tests at school.	8
w/was.mp3	was.	8
w/are.mp3	are.	9
w/do.mp3	do.	9
w/hack.mp3	hack.	9
p/hack.mp3	Hack at the weeds.	9
w/hacks.mp3	hacks.	9
w/hap.mp3	hap.	9
w/hat.mp3	hat.	9
p/hat.mp3	Dad has a hat.	9
w/hats.mp3	hats.	9
p/hats.mp3	Hats in the sun.	9
w/hectic.mp3	hectic.	9
w/hen.mp3	hen.	9
p/hen.mp3	The hen has an egg.	9
w/hint.mp3	hint.	9
p/hint.mp3	Give me a hint.	9
w/hints.mp3	hints.	9
p/hints.mp3	Two hints.	9
w/hip.mp3	hip.	9
p/hip.mp3	Hands on your hips.	9
w/hips.mp3	hips.	9
p/hips.mp3	Shake your hips.	9
w/hiss.mp3	hiss.	9
s/9-1.mp3	A hen was in a nest.	9
s/9-2.mp3	Hana sits. Nan sits.	9
s/9-3.mp3	"We are at the nest!"	9
s/9-4.mp3	Hana can pet the hen. Pat, pat.	9
s/9-5.mp3	Peck, peck! The hen pecks the hat.	9
s/9-6.mp3	"Be in the nest, hen! Do sit!"	9
s/9-7.mp3	The hen sits. It naps.	9
s/9-8.mp3	"Nan, pat me!" Nan pats Hana. Hana naps.	9
w/all.mp3	all.	10
w/crack.mp3	crack.	10
p/crack.mp3	A crack in the cup.	10
w/cracks.mp3	cracks.	10
p/cracks.mp3	Cracks in the wall.	10
w/crept.mp3	crept.	10
w/crest.mp3	crest.	10
p/crest.mp3	The crest of a hill.	10
w/crisp.mp3	crisp.	10
p/crisp.mp3	A crisp apple.	10
w/crisps.mp3	crisps.	10
w/critic.mp3	critic.	10
w/critics.mp3	critics.	10
w/intrinsic.mp3	intrinsic.	10
w/prep.mp3	prep.	10
p/prep.mp3	Prep for the test.	10
w/press.mp3	press.	10
p/press.mp3	Press the button.	10
w/pricks.mp3	pricks.	10
w/print.mp3	print.	10
p/print.mp3	Print the page.	10
w/prints.mp3	prints.	10
p/prints.mp3	Prints in the mud.	10
w/rack.mp3	rack.	10
p/rack.mp3	A rack for bags.	10
w/racks.mp3	racks.	10
w/ran.mp3	ran.	10
p/ran.mp3	Sam ran to Dad.	10
w/raps.mp3	raps.	10
w/ras.mp3	ras.	10
w/rat.mp3	rat.	10
p/rat.mp3	A rat ran past.	10
w/rats.mp3	rats.	10
p/rats.mp3	Rats in the barn.	10
w/rent.mp3	rent.	10
p/rent.mp3	Dad pays the rent.	10
w/rents.mp3	rents.	10
p/rents.mp3	Dad rents a van.	10
w/rest.mp3	rest.	10
p/rest.mp3	Rest on the bed.	10
w/rests.mp3	rests.	10
p/rests.mp3	The cat rests.	10
w/ret.mp3	ret.	10
w/ric.mp3	ric.	10
w/rip.mp3	rip.	10
p/rip.mp3	Do not rip the page.	10
w/rips.mp3	rips.	10
w/risk.mp3	risk.	10
p/risk.mp3	Do not take a risk.	10
w/risks.mp3	risks.	10
p/risks.mp3	Big risks.	10
w/said.mp3	said.	10
w/scrap.mp3	scrap.	10
p/scrap.mp3	A scrap of paper.	10
w/scraps.mp3	scraps.	10
w/script.mp3	script.	10
p/script.mp3	Read the script.	10
w/scripts.mp3	scripts.	10
p/scripts.mp3	Scripts for the class play.	10
w/spirit.mp3	spirit.	10
w/spirits.mp3	spirits.	10
w/sprint.mp3	sprint.	10
p/sprint.mp3	Sprint to the end!	10
w/sprints.mp3	sprints.	10
w/strap.mp3	strap.	10
p/strap.mp3	The strap of the bag.	10
w/straps.mp3	straps.	10
w/stress.mp3	stress.	10
p/stress.mp3	No stress, just rest.	10
w/strict.mp3	strict.	10
p/strict.mp3	The rule is strict.	10
w/strip.mp3	strip.	10
p/strip.mp3	A strip of paper.	10
w/strips.mp3	strips.	10
p/strips.mp3	Strips of tape.	10
w/track.mp3	track.	10
p/track.mp3	Run on the track.	10
w/tracks.mp3	tracks.	10
p/tracks.mp3	Tracks in the sand.	10
w/tracts.mp3	tracts.	10
w/transcript.mp3	transcript.	10
w/transcripts.mp3	transcripts.	10
w/trap.mp3	trap.	10
p/trap.mp3	A trap for a rat.	10
w/traps.mp3	traps.	10
p/traps.mp3	Traps on the farm.	10
w/trek.mp3	trek.	10
p/trek.mp3	A long trek.	10
w/trespass.mp3	trespass.	10
w/trick.mp3	trick.	10
p/trick.mp3	A clever trick.	10
w/tricks.mp3	tricks.	10
p/tricks.mp3	Card tricks.	10
w/trip.mp3	trip.	10
p/trip.mp3	A trip to the farm.	10
w/trips.mp3	trips.	10
p/trips.mp3	Trips in the van.	10
w/am.mp3	am.	11
p/am.mp3	I am Sam.	11
w/cam.mp3	cam.	11
p/cam.mp3	Dad's cam.	11
w/camp.mp3	camp.	11
p/camp.mp3	We camp in a tent.	11
w/camps.mp3	camps.	11
p/camps.mp3	Camps in the hills.	11
w/cram.mp3	cram.	11
w/cramp.mp3	cramp.	11
w/cramps.mp3	cramps.	11
w/empress.mp3	empress.	11
w/go.mp3	go.	11
w/hem.mp3	hem.	11
w/hemp.mp3	hemp.	11
w/him.mp3	him.	11
p/him.mp3	Sam's cat sits by him.	11
w/hitman.mp3	hitman.	11
w/imp.mp3	imp.	11
w/impact.mp3	impact.	11
w/impacts.mp3	impacts.	11
w/impress.mp3	impress.	11
w/imprint.mp3	imprint.	11
w/kemp.mp3	kemp.	11
w/macs.mp3	macs.	11
w/man.mp3	man.	11
p/man.mp3	A man in a cap.	11
w/manic.mp3	manic.	11
w/mantis.mp3	mantis.	11
w/map.mp3	map.	11
p/map.mp3	Look at the map.	11
w/maps.mp3	maps.	11
p/maps.mp3	Maps on the wall.	11
w/mask.mp3	mask.	11
p/mask.mp3	A mask for the play.	11
w/masks.mp3	masks.	11
p/masks.mp3	Masks on the desk.	11
w/mass.mp3	mass.	11
p/mass.mp3	A mass of sand.	11
w/mast.mp3	mast.	11
p/mast.mp3	The mast of a ship.	11
w/mat.mp3	mat.	11
p/mat.mp3	The cat is on the mat.	11
w/mats.mp3	mats.	11
p/mats.mp3	Mats in the gym.	11
w/men.mp3	men.	11
p/men.mp3	Ten men in a van.	11
w/merits.mp3	merits.	11
w/mess.mp3	mess.	11
p/mess.mp3	What a mess!	11
w/met.mp3	met.	11
p/met.mp3	Sam met Pat at the park.	11
w/metric.mp3	metric.	11
w/metrics.mp3	metrics.	11
w/mimic.mp3	mimic.	11
w/mimics.mp3	mimics.	11
w/mint.mp3	mint.	11
p/mint.mp3	Mint tea.	11
w/mints.mp3	mints.	11
w/mir.mp3	mir.	11
w/mishap.mp3	mishap.	11
w/miss.mp3	miss.	11
p/miss.mp3	I miss Nan.	11
w/mist.mp3	mist.	11
p/mist.mp3	Mist on the hills.	11
w/no.mp3	no.	11
w/ram.mp3	ram.	11
p/ram.mp3	The ram has horns.	11
w/ramp.mp3	ramp.	11
p/ramp.mp3	Run up the ramp.	11
w/ramps.mp3	ramps.	11
w/rim.mp3	rim.	11
p/rim.mp3	The rim of the cup.	11
w/scam.mp3	scam.	11
p/scam.mp3	That is a scam!	11
w/skim.mp3	skim.	11
w/smacks.mp3	smacks.	11
w/spam.mp3	spam.	11
p/spam.mp3	Delete the spam.	11
w/stamp.mp3	stamp.	11
p/stamp.mp3	A stamp on the card.	11
w/stamps.mp3	stamps.	11
p/stamps.mp3	Stamps from Spain.	11
w/stem.mp3	stem.	11
p/stem.mp3	The stem of a rose.	11
w/temps.mp3	temps.	11
w/tempt.mp3	tempt.	11
w/tram.mp3	tram.	11
w/tramp.mp3	tramp.	11
w/trim.mp3	trim.	11
p/trim.mp3	Trim the plant.	11
w/admin.mp3	admin.	12
w/and.mp3	and.	12
p/and.mp3	Sam and Pat.	12
w/cad.mp3	cad.	12
w/candid.mp3	candid.	12
w/credit.mp3	credit.	12
w/credits.mp3	credits.	12
w/dad.mp3	dad.	12
p/dad.mp3	Dad has a cap.	12
w/dak.mp3	dak.	12
w/dam.mp3	dam.	12
p/dam.mp3	A dam on the river.	12
w/damp.mp3	damp.	12
p/damp.mp3	Damp socks.	12
w/deck.mp3	deck.	12
p/deck.mp3	Stand on the deck.	12
w/decks.mp3	decks.	12
p/decks.mp3	Decks of a ship.	12
w/den.mp3	den.	12
p/den.mp3	A fox in its den.	12
w/dent.mp3	dent.	12
p/dent.mp3	A dent in the van.	12
w/dentist.mp3	dentist.	12
w/dentists.mp3	dentists.	12
w/desk.mp3	desk.	12
p/desk.mp3	Sit at the desk.	12
w/desks.mp3	desks.	12
w/did.mp3	did.	12
p/did.mp3	Pat did his task.	12
w/dim.mp3	dim.	12
p/dim.mp3	The room is dim.	12
w/din.mp3	din.	12
p/din.mp3	What a din!	12
w/dip.mp3	dip.	12
p/dip.mp3	Dip the bread.	12
w/dips.mp3	dips.	12
w/direct.mp3	direct.	12
w/directs.mp3	directs.	12
w/disc.mp3	disc.	12
p/disc.mp3	A disc on the desk.	12
w/discs.mp3	discs.	12
p/discs.mp3	Discs in a box.	12
w/disk.mp3	disk.	12
p/disk.mp3	A disk.	12
w/disks.mp3	disks.	12
w/dismiss.mp3	dismiss.	12
w/diss.mp3	diss.	12
w/dissent.mp3	dissent.	12
w/distract.mp3	distract.	12
w/distress.mp3	distress.	12
w/district.mp3	district.	12
w/districts.mp3	districts.	12
w/drastic.mp3	drastic.	12
w/dress.mp3	dress.	12
p/dress.mp3	Mum has a dress.	12
w/drip.mp3	drip.	12
p/drip.mp3	The tap drips.	12
w/edits.mp3	edits.	12
w/end.mp3	end.	12
p/end.mp3	The end of the story.	12
w/endemic.mp3	endemic.	12
w/epidemic.mp3	epidemic.	12
w/had.mp3	had.	12
p/had.mp3	Sam had a nap.	12
w/hand.mp3	hand.	12
p/hand.mp3	Hold my hand.	12
w/handset.mp3	handset.	12
w/hid.mp3	hid.	12
p/hid.mp3	Sam hid the gift.	12
w/intend.mp3	intend.	12
w/kid.mp3	kid.	12
p/kid.mp3	A kid in the park.	12
w/kidnap.mp3	kidnap.	12
w/mad.mp3	mad.	12
p/mad.mp3	The man is mad.	12
w/madman.mp3	madman.	12
w/medic.mp3	medic.	12
w/medics.mp3	medics.	12
w/mend.mp3	mend.	12
w/mid.mp3	mid.	12
p/mid.mp3	In mid air.	12
w/my.mp3	my.	12
w/pad.mp3	pad.	12
p/pad.mp3	A pad and a pen.	12
w/pandemic.mp3	pandemic.	12
w/rapid.mp3	rapid.	12
w/red.mp3	red.	12
p/red.mp3	A red cap.	12
w/rid.mp3	rid.	12
p/rid.mp3	Get rid of the mess.	12
w/sad.mp3	sad.	12
p/sad.mp3	Sam is sad.	12
w/sand.mp3	sand.	12
p/sand.mp3	Sand in my socks.	12
w/send.mp3	send.	12
p/send.mp3	Send a card to Nan.	12
w/skid.mp3	skid.	12
w/so.mp3	so.	12
w/sped.mp3	sped.	12
w/spend.mp3	spend.	12
p/spend.mp3	Spend time with Mum.	12
w/stand.mp3	stand.	12
p/stand.mp3	Stand in a line.	12
w/strand.mp3	strand.	12
p/strand.mp3	A strand of hair.	12
w/tad.mp3	tad.	12
p/tad.mp3	A tad hot.	12
w/tend.mp3	tend.	12
p/tend.mp3	Tend the plants.	12
w/timid.mp3	timid.	12
w/trend.mp3	trend.	12
p/trend.mp3	A new trend.	12
s/12-1.mp3	Hamid and Dad pack a tent.	12
s/12-2.mp3	"Go, go, go!" said Dad.	12
s/12-3.mp3	Dad and Hamid set the tent in a camp.	12
s/12-4.mp3	A cat sits in it!	12
s/12-5.mp3	"No, cat! It is my tent!" said Hamid.	12
s/12-6.mp3	The cat is sad. Hamid is sad, so he pets it.	12
s/12-7.mp3	"It can nap in the tent," said Dad.	12
s/12-8.mp3	Hamid, Dad and the cat nap. All nap in the tent!	12
w/dig.mp3	dig.	13
p/dig.mp3	Dig in the sand.	13
w/drag.mp3	drag.	13
p/drag.mp3	Drag the sack.	13
w/enigmatic.mp3	enigmatic.	13
w/gag.mp3	gag.	13
p/gag.mp3	A funny gag.	13
w/gan.mp3	gan.	13
w/gap.mp3	gap.	13
p/gap.mp3	Mind the gap.	13
w/gaps.mp3	gaps.	13
p/gaps.mp3	Gaps in the fence.	13
w/gas.mp3	gas.	13
p/gas.mp3	Do not touch the gas.	13
w/gasp.mp3	gasp.	13
w/gastric.mp3	gastric.	13
w/get.mp3	get.	13
p/get.mp3	Get your bag.	13
w/gets.mp3	gets.	13
p/gets.mp3	Sam gets a gift.	13
w/gig.mp3	gig.	13
w/git.mp3	git.	13
w/gram.mp3	gram.	13
p/gram.mp3	One gram.	13
w/grand.mp3	grand.	13
p/grand.mp3	A grand tent.	13
w/grant.mp3	grant.	13
p/grant.mp3	Grant him his wish.	13
w/grants.mp3	grants.	13
w/gras.mp3	gras.	13
w/grasp.mp3	grasp.	13
p/grasp.mp3	Grasp the stick.	13
w/grass.mp3	grass.	13
p/grass.mp3	The snake is in the grass.	13
w/grid.mp3	grid.	13
p/grid.mp3	Draw a grid.	13
w/grim.mp3	grim.	13
p/grim.mp3	A grim day.	13
w/grin.mp3	grin.	13
p/grin.mp3	Sam has a big grin.	13
w/grip.mp3	grip.	13
p/grip.mp3	Grip the rope.	13
w/grips.mp3	grips.	13
w/grit.mp3	grit.	13
w/keg.mp3	keg.	13
w/magnetic.mp3	magnetic.	13
w/mig.mp3	mig.	13
w/nag.mp3	nag.	13
w/peg.mp3	peg.	13
w/pig.mp3	pig.	13
p/pig.mp3	A pig on the farm.	13
w/pragmatic.mp3	pragmatic.	13
w/rag.mp3	rag.	13
p/rag.mp3	Wipe it with a rag.	13
w/rig.mp3	rig.	13
p/rig.mp3	An oil rig.	13
w/sag.mp3	sag.	13
w/segment.mp3	segment.	13
w/segments.mp3	segments.	13
w/sig.mp3	sig.	13
w/snag.mp3	snag.	13
w/stag.mp3	stag.	13
w/tag.mp3	tag.	13
p/tag.mp3	Play tag in the park.	13
w/you.mp3	you.	13
w/your.mp3	your.	13
w/agnostic.mp3	agnostic.	14
w/anon.mp3	anon.	14
w/ascot.mp3	ascot.	14
w/cockpit.mp3	cockpit.	14
w/cod.mp3	cod.	14
p/cod.mp3	Cod is a fish.	14
w/cog.mp3	cog.	14
w/comic.mp3	comic.	14
w/comics.mp3	comics.	14
w/compact.mp3	compact.	14
w/compress.mp3	compress.	14
w/contact.mp3	contact.	14
w/contacts.mp3	contacts.	14
w/content.mp3	content.	14
w/contents.mp3	contents.	14
w/contest.mp3	contest.	14
w/contests.mp3	contests.	14
w/contract.mp3	contract.	14
w/contracts.mp3	contracts.	14
w/contrast.mp3	contrast.	14
w/contrasts.mp3	contrasts.	14
w/cop.mp3	cop.	14
w/cops.mp3	cops.	14
w/cost.mp3	cost.	14
p/cost.mp3	What does it cost?	14
w/costs.mp3	costs.	14
p/costs.mp3	It costs ten.	14
w/cot.mp3	cot.	14
w/crock.mp3	crock.	14
w/crop.mp3	crop.	14
p/crop.mp3	A crop of corn.	14
w/crops.mp3	crops.	14
p/crops.mp3	Crops on the farm.	14
w/cross.mp3	cross.	14
p/cross.mp3	Cross the road with Dad.	14
w/dock.mp3	dock.	14
p/dock.mp3	A boat at the dock.	14
w/docks.mp3	docks.	14
p/docks.mp3	Boats at the docks.	14
w/dog.mp3	dog.	14
p/dog.mp3	A dog runs on the farm.	14
w/dot.mp3	dot.	14
p/dot.mp3	A red dot.	14
w/dots.mp3	dots.	14
p/dots.mp3	Dots on the page.	14
w/drop.mp3	drop.	14
p/drop.mp3	Do not drop the egg.	14
w/drops.mp3	drops.	14
p/drops.mp3	Drops of rain.	14
w/got.mp3	got.	14
p/got.mp3	Sam got a gift.	14
w/here.mp3	here.	14
w/hop.mp3	hop.	14
p/hop.mp3	Hop on one leg.	14
w/hops.mp3	hops.	14
w/hot.mp3	hot.	14
p/hot.mp3	The pot is hot.	14
w/kos.mp3	kos.	14
w/mascot.mp3	mascot.	14
w/mock.mp3	mock.	14
p/mock.mp3	Do not mock.	14
w/mocks.mp3	mocks.	14
w/mop.mp3	mop.	14
w/moss.mp3	moss.	14
p/moss.mp3	Moss on a rock.	14
w/nod.mp3	nod.	14
p/nod.mp3	Nod if you agree.	14
w/nonstop.mp3	nonstop.	14
w/not.mp3	not.	14
p/not.mp3	It is not hot.	14
w/on.mp3	on.	14
p/on.mp3	The cat is on the mat.	14
w/onset.mp3	onset.	14
w/opt.mp3	opt.	14
w/optic.mp3	optic.	14
w/optics.mp3	optics.	14
w/pod.mp3	pod.	14
p/pod.mp3	Peas in a pod.	14
w/pom.mp3	pom.	14
w/pond.mp3	pond.	14
p/pond.mp3	Ducks on the pond.	14
w/pont.mp3	pont.	14
w/pops.mp3	pops.	14
p/pops.mp3	The bubble pops.	14
w/pot.mp3	pot.	14
p/pot.mp3	A hot pot.	14
w/pots.mp3	pots.	14
p/pots.mp3	Pots of jam.	14
w/prod.mp3	prod.	14
w/progress.mp3	progress.	14
w/prompt.mp3	prompt.	14
p/prompt.mp3	Be prompt.	14
w/prompts.mp3	prompts.	14
w/prop.mp3	prop.	14
p/prop.mp3	A prop for the play.	14
w/props.mp3	props.	14
p/props.mp3	Props for the play.	14
w/prospect.mp3	prospect.	14
w/prospects.mp3	prospects.	14
w/roc.mp3	roc.	14
w/rocks.mp3	rocks.	14
p/rocks.mp3	Rocks on the hill.	14
w/rod.mp3	rod.	14
p/rod.mp3	A fishing rod.	14
w/rot.mp3	rot.	14
p/rot.mp3	Apples rot.	14
w/smog.mp3	smog.	14
w/sock.mp3	sock.	14
p/sock.mp3	A red sock.	14
w/socks.mp3	socks.	14
p/socks.mp3	Sam's socks.	14
w/sonic.mp3	sonic.	14
w/spot.mp3	spot.	14
p/spot.mp3	A red spot.	14
w/spots.mp3	spots.	14
p/spots.mp3	Spots on the dog.	14
w/stock.mp3	stock.	14
p/stock.mp3	Stock up on rice.	14
w/stocks.mp3	stocks.	14
w/stomp.mp3	stomp.	14
w/stop.mp3	stop.	14
p/stop.mp3	Stop at the red light.	14
w/stops.mp3	stops.	14
p/stops.mp3	The bus stops.	14
w/tectonic.mp3	tectonic.	14
w/there.mp3	there.	14
w/tonic.mp3	tonic.	14
w/top.mp3	top.	14
p/top.mp3	Spin the top.	14
w/topic.mp3	topic.	14
w/topics.mp3	topics.	14
w/tops.mp3	tops.	14
p/tops.mp3	Tops spin.	14
w/toss.mp3	toss.	14
p/toss.mp3	Toss the ball.	14
w/tot.mp3	tot.	14
w/tots.mp3	tots.	14
w/tron.mp3	tron.	14
w/tropics.mp3	tropics.	14
w/trot.mp3	trot.	14
w/campus.mp3	campus.	15
w/come.mp3	come.	15
w/conduct.mp3	conduct.	15
w/construct.mp3	construct.	15
w/constructs.mp3	constructs.	15
w/crust.mp3	crust.	15
p/crust.mp3	The crust of the bread.	15
w/cup.mp3	cup.	15
p/cup.mp3	A cup of milk.	15
w/cups.mp3	cups.	15
p/cups.mp3	Cups on the table.	15
w/cusp.mp3	cusp.	15
w/cut.mp3	cut.	15
p/cut.mp3	Cut the bread.	15
w/cuts.mp3	cuts.	15
p/cuts.mp3	Mum cuts the cake.	15
w/discuss.mp3	discuss.	15
w/disgust.mp3	disgust.	15
w/disrupt.mp3	disrupt.	15
w/distrust.mp3	distrust.	15
w/duck.mp3	duck.	15
p/duck.mp3	A duck on the pond.	15
w/ducks.mp3	ducks.	15
p/ducks.mp3	Ducks swim.	15
w/duct.mp3	duct.	15
w/ducts.mp3	ducts.	15
w/dug.mp3	dug.	15
p/dug.mp3	Sam dug a pit.	15
w/dum.mp3	dum.	15
w/dump.mp3	dump.	15
p/dump.mp3	Dump the sand.	15
w/dumps.mp3	dumps.	15
w/dun.mp3	dun.	15
w/dusk.mp3	dusk.	15
w/dust.mp3	dust.	15
p/dust.mp3	Dust on the desk.	15
w/grunt.mp3	grunt.	15
w/gum.mp3	gum.	15
p/gum.mp3	Gum is sticky.	15
w/gump.mp3	gump.	15
w/gust.mp3	gust.	15
w/gusts.mp3	gusts.	15
w/gut.mp3	gut.	15
w/guts.mp3	guts.	15
w/handgun.mp3	handgun.	15
w/hud.mp3	hud.	15
w/hug.mp3	hug.	15
p/hug.mp3	A hug for Nan.	15
w/hump.mp3	hump.	15
w/hunt.mp3	hunt.	15
p/hunt.mp3	Hunt for the eggs.	15
w/hunts.mp3	hunts.	15
w/hut.mp3	hut.	15
p/hut.mp3	A hut in the woods.	15
w/huts.mp3	huts.	15
w/indus.mp3	indus.	15
w/instruct.mp3	instruct.	15
w/magnum.mp3	magnum.	15
w/manhunt.mp3	manhunt.	15
w/misconduct.mp3	misconduct.	15
w/mistrust.mp3	mistrust.	15
w/muck.mp3	muck.	15
w/mud.mp3	mud.	15
p/mud.mp3	Mud on my boots.	15
w/mug.mp3	mug.	15
p/mug.mp3	A mug of milk.	15
w/mum.mp3	mum.	15
p/mum.mp3	Mum hugs Sam.	15
w/mun.mp3	mun.	15
w/musk.mp3	musk.	15
w/must.mp3	must.	15
p/must.mp3	You must rest.	15
w/nun.mp3	nun.	15
w/nut.mp3	nut.	15
p/nut.mp3	A nut on the tree.	15
w/nutmeg.mp3	nutmeg.	15
w/nuts.mp3	nuts.	15
p/nuts.mp3	Nuts in a bag.	15
w/pickup.mp3	pickup.	15
w/pickups.mp3	pickups.	15
w/product.mp3	product.	15
w/products.mp3	products.	15
w/puck.mp3	puck.	15
w/pug.mp3	pug.	15
w/pump.mp3	pump.	15
p/pump.mp3	Pump up the tyre.	15
w/pumpkin.mp3	pumpkin.	15
w/pumps.mp3	pumps.	15
w/pun.mp3	pun.	15
p/pun.mp3	A funny pun.	15
w/pundits.mp3	pundits.	15
w/punt.mp3	punt.	15
w/pup.mp3	pup.	15
p/pup.mp3	A pup on the farm.	15
w/pups.mp3	pups.	15
w/pus.mp3	pus.	15
w/puss.mp3	puss.	15
w/rug.mp3	rug.	15
p/rug.mp3	A rug on the floor.	15
w/rump.mp3	rump.	15
w/run.mp3	run.	15
p/run.mp3	Run to Mum!	15
w/rust.mp3	rust.	15
p/rust.mp3	Rust on the gate.	15
w/rustic.mp3	rustic.	15
w/rut.mp3	rut.	15
w/setup.mp3	setup.	15
w/smug.mp3	smug.	15
w/snuck.mp3	snuck.	15
w/snug.mp3	snug.	15
w/spectrum.mp3	spectrum.	15
w/spun.mp3	spun.	15
p/spun.mp3	The top spun.	15
w/status.mp3	status.	15
w/struck.mp3	struck.	15
p/struck.mp3	The clock struck ten.	15
w/strut.mp3	strut.	15
w/stuck.mp3	stuck.	15
p/stuck.mp3	The cat is stuck.	15
w/stud.mp3	stud.	15
w/stump.mp3	stump.	15
w/stumps.mp3	stumps.	15
w/stun.mp3	stun.	15
w/stunt.mp3	stunt.	15
p/stunt.mp3	A big stunt.	15
w/stunts.mp3	stunts.	15
w/sum.mp3	sum.	15
p/sum.mp3	Do the sum.	15
w/sun.mp3	sun.	15
p/sun.mp3	The sun is hot.	15
w/sunset.mp3	sunset.	15
w/sunsets.mp3	sunsets.	15
w/suspect.mp3	suspect.	15
w/suspects.mp3	suspects.	15
w/suspend.mp3	suspend.	15
w/tantrum.mp3	tantrum.	15
w/they.mp3	they.	15
w/truck.mp3	truck.	15
p/truck.mp3	A big truck.	15
w/trucks.mp3	trucks.	15
p/trucks.mp3	Trucks on the road.	15
w/trumps.mp3	trumps.	15
w/truss.mp3	truss.	15
w/trust.mp3	trust.	15
p/trust.mp3	Trust in Allah.	15
w/trusts.mp3	trusts.	15
p/trusts.mp3	Sam trusts his dad.	15
w/tuck.mp3	tuck.	15
p/tuck.mp3	Tuck in your shirt.	15
w/tug.mp3	tug.	15
p/tug.mp3	Tug the rope.	15
w/uncut.mp3	uncut.	15
w/unpack.mp3	unpack.	15
w/unrest.mp3	unrest.	15
w/up.mp3	up.	15
p/up.mp3	Look up!	15
w/upset.mp3	upset.	15
w/upsets.mp3	upsets.	15
w/us.mp3	us.	15
p/us.mp3	Come with us.	15
s/15-1.mp3	Huda and Mum run to the pond.	15
s/15-2.mp3	"Come, Huda! Here is the pond."	15
s/15-3.mp3	There is a duck on it!	15
s/15-4.mp3	Huda got a hot crust in a sack.	15
s/15-5.mp3	"You can drop a crust," said Mum. "It is your crust."	15
s/15-6.mp3	Huda drops it. Peck, peck! The duck gets it.	15
s/15-7.mp3	Ten ducks come. They peck and peck!	15
s/15-8.mp3	Huda and Mum grin.	15
w/adult.mp3	adult.	16
w/adults.mp3	adults.	16
w/alum.mp3	alum.	16
w/clad.mp3	clad.	16
w/clam.mp3	clam.	16
w/clamp.mp3	clamp.	16
w/clamps.mp3	clamps.	16
w/clan.mp3	clan.	16
p/clan.mp3	A big clan.	16
w/clap.mp3	clap.	16
p/clap.mp3	Clap your hands!	16
w/clasp.mp3	clasp.	16
w/class.mp3	class.	16
p/class.mp3	Sam's class.	16
w/classic.mp3	classic.	16
w/classics.mp3	classics.	16
w/cleric.mp3	cleric.	16
w/clerics.mp3	clerics.	16
w/click.mp3	click.	16
p/click.mp3	Click the button.	16
w/clicks.mp3	clicks.	16
w/clinic.mp3	clinic.	16
w/clinics.mp3	clinics.	16
w/clip.mp3	clip.	16
p/clip.mp3	A hair clip.	16
w/clips.mp3	clips.	16
p/clips.mp3	Clips on the desk.	16
w/clock.mp3	clock.	16
p/clock.mp3	The clock ticks.	16
w/clocks.mp3	clocks.	16
p/clocks.mp3	Clocks on the wall.	16
w/clot.mp3	clot.	16
w/coll.mp3	coll.	16
w/consul.mp3	consul.	16
w/culprit.mp3	culprit.	16
w/cults.mp3	cults.	16
w/dal.mp3	dal.	16
w/dill.mp3	dill.	16
w/dispel.mp3	dispel.	16
w/doll.mp3	doll.	16
p/doll.mp3	A doll in a box.	16
w/drill.mp3	drill.	16
p/drill.mp3	Dad has a drill.	16
w/dull.mp3	dull.	16
p/dull.mp3	A dull day.	16
w/elk.mp3	elk.	16
w/elm.mp3	elm.	16
w/enlist.mp3	enlist.	16
w/gilt.mp3	gilt.	16
w/glad.mp3	glad.	16
p/glad.mp3	Sam is glad.	16
w/glam.mp3	glam.	16
w/gland.mp3	gland.	16
w/glass.mp3	glass.	16
p/glass.mp3	A glass of milk.	16
w/gloss.mp3	gloss.	16
w/grassland.mp3	grassland.	16
w/grill.mp3	grill.	16
p/grill.mp3	Grill the fish.	16
w/gull.mp3	gull.	16
w/helm.mp3	helm.	16
w/help.mp3	help.	16
p/help.mp3	Help Mum.	16
w/helps.mp3	helps.	16
p/helps.mp3	Sam helps Dad.	16
w/hill.mp3	hill.	16
p/hill.mp3	Run up the hill.	16
w/hilltop.mp3	hilltop.	16
w/hull.mp3	hull.	16
p/hull.mp3	The hull of a boat.	16
w/ill.mp3	ill.	16
p/ill.mp3	Nan is ill.	16
w/implant.mp3	implant.	16
w/implants.mp3	implants.	16
w/inland.mp3	inland.	16
w/inlet.mp3	inlet.	16
w/instill.mp3	instill.	16
w/insult.mp3	insult.	16
w/insults.mp3	insults.	16
w/kiln.mp3	kiln.	16
w/kremlin.mp3	kremlin.	16
w/lac.mp3	lac.	16
w/lack.mp3	lack.	16
p/lack.mp3	A lack of water.	16
w/lacks.mp3	lacks.	16
w/lad.mp3	lad.	16
p/lad.mp3	A lad in a cap.	16
w/lag.mp3	lag.	16
w/lam.mp3	lam.	16
w/lamp.mp3	lamp.	16
p/lamp.mp3	Turn on the lamp.	16
w/lamps.mp3	lamps.	16
p/lamps.mp3	Lamps on the desk.	16
w/land.mp3	land.	16
p/land.mp3	The plane will land.	16
w/lap.mp3	lap.	16
p/lap.mp3	The cat sits on my lap.	16
w/laps.mp3	laps.	16
p/laps.mp3	Run two laps.	16
w/laptop.mp3	laptop.	16
w/lass.mp3	lass.	16
w/last.mp3	last.	16
p/last.mp3	The last one.	16
w/lasts.mp3	lasts.	16
w/lat.mp3	lat.	16
w/led.mp3	led.	16
p/led.mp3	Dad led us home.	16
w/leg.mp3	leg.	16
p/leg.mp3	Sam's leg.	16
w/lend.mp3	lend.	16
p/lend.mp3	Lend me a pen.	16
w/lent.mp3	lent.	16
p/lent.mp3	Sam lent me a pen.	16
w/less.mp3	less.	16
p/less.mp3	Less sugar.	16
w/lest.mp3	lest.	16
w/let.mp3	let.	16
p/let.mp3	Let me help.	16
w/lets.mp3	lets.	16
p/lets.mp3	Mum lets us play.	16
w/lick.mp3	lick.	16
p/lick.mp3	The cat licks its paw.	16
w/licks.mp3	licks.	16
w/lid.mp3	lid.	16
p/lid.mp3	Put the lid on the pot.	16
w/lim.mp3	lim.	16
w/limits.mp3	limits.	16
w/limp.mp3	limp.	16
w/lip.mp3	lip.	16
p/lip.mp3	A cut on my lip.	16
w/lips.mp3	lips.	16
p/lips.mp3	Red lips.	16
w/lipstick.mp3	lipstick.	16
w/lis.mp3	lis.	16
w/lisp.mp3	lisp.	16
w/list.mp3	list.	16
p/list.mp3	A shopping list.	16
w/lists.mp3	lists.	16
p/lists.mp3	Lists on the desk.	16
w/lit.mp3	lit.	16
p/lit.mp3	Dad lit the lamp.	16
w/lock.mp3	lock.	16
p/lock.mp3	Lock the gate.	16
w/locks.mp3	locks.	16
p/locks.mp3	Locks on the door.	16
w/log.mp3	log.	16
p/log.mp3	A log in the fire.	16
w/login.mp3	login.	16
w/loss.mp3	loss.	16
p/loss.mp3	A loss.	16
w/lost.mp3	lost.	16
p/lost.mp3	Sam lost his pen.	16
w/lot.mp3	lot.	16
p/lot.mp3	A lot of sand.	16
w/lots.mp3	lots.	16
p/lots.mp3	Lots of ducks.	16
w/luck.mp3	luck.	16
p/luck.mp3	Good luck!	16
w/lug.mp3	lug.	16
w/lull.mp3	lull.	16
w/lump.mp3	lump.	16
p/lump.mp3	A lump of clay.	16
w/lumps.mp3	lumps.	16
w/melt.mp3	melt.	16
p/melt.mp3	Ice can melt.	16
w/melts.mp3	melts.	16
w/midland.mp3	midland.	16
w/milk.mp3	milk.	16
p/milk.mp3	A cup of milk.	16
w/mill.mp3	mill.	16
p/mill.mp3	A mill by the river.	16
w/misled.mp3	misled.	16
w/mol.mp3	mol.	16
w/nil.mp3	nil.	16
w/one.mp3	one.	16
w/pal.mp3	pal.	16
p/pal.mp3	Sam's pal.	16
w/pastel.mp3	pastel.	16
w/pell.mp3	pell.	16
w/pilgrim.mp3	pilgrim.	16
w/pill.mp3	pill.	16
p/pill.mp3	Take the pill with water.	16
w/plan.mp3	plan.	16
p/plan.mp3	A good plan.	16
w/plant.mp3	plant.	16
p/plant.mp3	Water the plant.	16
w/plants.mp3	plants.	16
p/plants.mp3	Plants need water.	16
w/plastic.mp3	plastic.	16
w/plastics.mp3	plastics.	16
w/plot.mp3	plot.	16
p/plot.mp3	A plot of land.	16
w/plots.mp3	plots.	16
w/pluck.mp3	pluck.	16
w/plug.mp3	plug.	16
p/plug.mp3	Pull the plug.	16
w/plum.mp3	plum.	16
p/plum.mp3	A red plum.	16
w/plump.mp3	plump.	16
w/plus.mp3	plus.	16
p/plus.mp3	Two plus two.	16
w/pol.mp3	pol.	16
w/pulp.mp3	pulp.	16
p/pulp.mp3	Orange pulp.	16
w/relic.mp3	relic.	16
w/relics.mp3	relics.	16
w/scalp.mp3	scalp.	16
w/sell.mp3	sell.	16
p/sell.mp3	Sell the eggs.	16
w/silk.mp3	silk.	16
p/silk.mp3	A silk scarf.	16
w/sill.mp3	sill.	16
w/simplistic.mp3	simplistic.	16
w/skill.mp3	skill.	16
p/skill.mp3	Reading is a skill.	16
w/skull.mp3	skull.	16
w/slack.mp3	slack.	16
w/slag.mp3	slag.	16
w/slam.mp3	slam.	16
p/slam.mp3	Do not slam the door.	16
w/slant.mp3	slant.	16
w/slap.mp3	slap.	16
w/slaps.mp3	slaps.	16
w/sled.mp3	sled.	16
w/slept.mp3	slept.	16
p/slept.mp3	Sam slept well.	16
w/slick.mp3	slick.	16
w/slid.mp3	slid.	16
p/slid.mp3	Sam slid down.	16
w/slim.mp3	slim.	16
p/slim.mp3	A slim stick.	16
w/slip.mp3	slip.	16
p/slip.mp3	Do not slip.	16
w/slips.mp3	slips.	16
w/slit.mp3	slit.	16
w/slot.mp3	slot.	16
p/slot.mp3	A slot for coins.	16
w/slots.mp3	slots.	16
w/slug.mp3	slug.	16
w/slum.mp3	slum.	16
w/slump.mp3	slump.	16
w/sluts.mp3	sluts.	16
w/smell.mp3	smell.	16
p/smell.mp3	Smell the rose.	16
w/some.mp3	some.	16
w/spill.mp3	spill.	16
p/spill.mp3	Do not spill the milk.	16
w/splendid.mp3	splendid.	16
w/split.mp3	split.	16
p/split.mp3	Split the apple.	16
w/splits.mp3	splits.	16
w/standstill.mp3	standstill.	16
w/still.mp3	still.	16
p/still.mp3	Sit still.	16
w/tell.mp3	tell.	16
p/tell.mp3	Tell me a story.	16
w/till.mp3	till.	16
p/till.mp3	Wait till ten.	16
w/tilt.mp3	tilt.	16
p/tilt.mp3	Tilt your head.	16
w/transplant.mp3	transplant.	16
w/transplants.mp3	transplants.	16
w/unless.mp3	unless.	16
w/unlock.mp3	unlock.	16
w/until.mp3	until.	16
w/upheld.mp3	upheld.	16
w/uphill.mp3	uphill.	16
w/aft.mp3	aft.	17
w/alf.mp3	alf.	17
w/by.mp3	by.	17
w/cliff.mp3	cliff.	17
p/cliff.mp3	A high cliff.	17
w/cliffs.mp3	cliffs.	17
w/coffin.mp3	coffin.	17
w/conflict.mp3	conflict.	17
w/conflicts.mp3	conflicts.	17
w/craft.mp3	craft.	17
p/craft.mp3	A craft at school.	17
w/crafts.mp3	crafts.	17
p/crafts.mp3	Crafts at school.	17
w/croft.mp3	croft.	17
w/cuff.mp3	cuff.	17
w/cuffs.mp3	cuffs.	17
w/cutoff.mp3	cutoff.	17
w/daft.mp3	daft.	17
w/draft.mp3	draft.	17
w/drafts.mp3	drafts.	17
w/drift.mp3	drift.	17
w/duff.mp3	duff.	17
w/elf.mp3	elf.	17
w/fact.mp3	fact.	17
p/fact.mp3	That is a fact.	17
w/facts.mp3	facts.	17
p/facts.mp3	Fun facts.	17
w/fad.mp3	fad.	17
w/fan.mp3	fan.	17
p/fan.mp3	Turn on the fan.	17
w/fantastic.mp3	fantastic.	17
w/fast.mp3	fast.	17
p/fast.mp3	Run fast!	17
w/fats.mp3	fats.	17
w/fed.mp3	fed.	17
p/fed.mp3	Sam fed the cat.	17
w/fell.mp3	fell.	17
p/fell.mp3	Sam fell off.	17
w/felt.mp3	felt.	17
p/felt.mp3	Sam felt glad.	17
w/fend.mp3	fend.	17
w/fest.mp3	fest.	17
w/fig.mp3	fig.	17
p/fig.mp3	A fig on the tree.	17
w/fill.mp3	fill.	17
p/fill.mp3	Fill the cup.	17
w/film.mp3	film.	17
p/film.mp3	A film about ducks.	17
w/fin.mp3	fin.	17
p/fin.mp3	The fin of a fish.	17
w/finland.mp3	finland.	17
w/fist.mp3	fist.	17
p/fist.mp3	Make a fist.	17
w/fists.mp3	fists.	17
w/fit.mp3	fit.	17
p/fit.mp3	Sam is fit.	17
w/fits.mp3	fits.	17
p/fits.mp3	The cap fits.	17
w/flag.mp3	flag.	17
p/flag.mp3	A red flag.	17
w/flak.mp3	flak.	17
w/flap.mp3	flap.	17
w/flaps.mp3	flaps.	17
w/flask.mp3	flask.	17
w/flat.mp3	flat.	17
p/flat.mp3	A flat rock.	17
w/flats.mp3	flats.	17
w/fled.mp3	fled.	17
p/fled.mp3	The fox fled.	17
w/flick.mp3	flick.	17
w/flicks.mp3	flicks.	17
w/flint.mp3	flint.	17
w/flip.mp3	flip.	17
p/flip.mp3	Flip the card.	17
w/flips.mp3	flips.	17
w/flock.mp3	flock.	17
p/flock.mp3	A flock of sheep.	17
w/flocks.mp3	flocks.	17
w/flop.mp3	flop.	17
p/flop.mp3	Flop on the bed.	17
w/flops.mp3	flops.	17
w/florist.mp3	florist.	17
w/floss.mp3	floss.	17
w/fluff.mp3	fluff.	17
w/fog.mp3	fog.	17
p/fog.mp3	Fog on the hill.	17
w/fond.mp3	fond.	17
p/fond.mp3	Sam is fond of his cat.	17
w/font.mp3	font.	17
w/fonts.mp3	fonts.	17
w/frantic.mp3	frantic.	17
w/fret.mp3	fret.	17
w/frog.mp3	frog.	17
p/frog.mp3	A frog on a log.	17
w/frost.mp3	frost.	17
p/frost.mp3	Frost on the grass.	17
w/fun.mp3	fun.	17
p/fun.mp3	What fun!	17
w/fund.mp3	fund.	17
w/fuss.mp3	fuss.	17
p/fuss.mp3	Do not fuss.	17
w/gift.mp3	gift.	17
p/gift.mp3	A gift for Mum.	17
w/gifts.mp3	gifts.	17
p/gifts.mp3	Gifts for Eid.	17
w/golf.mp3	golf.	17
w/graft.mp3	graft.	17
w/griffin.mp3	griffin.	17
w/gulf.mp3	gulf.	17
w/handcuffs.mp3	handcuffs.	17
w/helpful.mp3	helpful.	17
w/himself.mp3	himself.	17
w/huff.mp3	huff.	17
w/if.mp3	if.	17
p/if.mp3	If it rains, stay in.	17
w/infect.mp3	infect.	17
w/inflict.mp3	inflict.	17
w/itself.mp3	itself.	17
w/kickoff.mp3	kickoff.	17
w/kraft.mp3	kraft.	17
w/left.mp3	left.	17
p/left.mp3	Turn left.	17
w/leftist.mp3	leftist.	17
w/leftists.mp3	leftists.	17
w/lift.mp3	lift.	17
p/lift.mp3	Lift the box.	17
w/lifts.mp3	lifts.	17
p/lifts.mp3	Dad lifts the box.	17
w/loft.mp3	loft.	17
p/loft.mp3	A loft in the house.	17
w/misfits.mp3	misfits.	17
w/nonprofits.mp3	nonprofits.	17
w/off.mp3	off.	17
p/off.mp3	Turn off the tap.	17
w/offs.mp3	offs.	17
w/offset.mp3	offset.	17
w/oft.mp3	oft.	17
w/only.mp3	only.	17
w/plentiful.mp3	plentiful.	17
w/profit.mp3	profit.	17
w/profits.mp3	profits.	17
w/puff.mp3	puff.	17
p/puff.mp3	Puff, puff!	17
w/puffs.mp3	puffs.	17
w/raft.mp3	raft.	17
w/riff.mp3	riff.	17
w/riffs.mp3	riffs.	17
w/rift.mp3	rift.	17
w/ruff.mp3	ruff.	17
w/runoff.mp3	runoff.	17
w/self.mp3	self.	17
w/sift.mp3	sift.	17
w/sinful.mp3	sinful.	17
w/skillful.mp3	skillful.	17
w/sniff.mp3	sniff.	17
w/snuff.mp3	snuff.	17
w/soft.mp3	soft.	17
p/soft.mp3	A soft cat.	17
w/staff.mp3	staff.	17
p/staff.mp3	The school staff.	17
w/staffs.mp3	staffs.	17
w/standoff.mp3	standoff.	17
w/stiff.mp3	stiff.	17
p/stiff.mp3	A stiff leg.	17
w/stressful.mp3	stressful.	17
w/stuff.mp3	stuff.	17
p/stuff.mp3	Pack your stuff.	17
w/stuffs.mp3	stuffs.	17
w/taft.mp3	taft.	17
w/tiff.mp3	tiff.	17
w/traffic.mp3	traffic.	17
w/tufts.mp3	tufts.	17
w/unfit.mp3	unfit.	17
w/uplift.mp3	uplift.	17
w/abstract.mp3	abstract.	18
w/abstracts.mp3	abstracts.	18
w/album.mp3	album.	18
w/back.mp3	back.	18
p/back.mp3	Come back!	18
w/backdrop.mp3	backdrop.	18
w/backlog.mp3	backlog.	18
w/backpack.mp3	backpack.	18
w/backpacks.mp3	backpacks.	18
w/backs.mp3	backs.	18
w/backup.mp3	backup.	18
w/backups.mp3	backups.	18
w/bad.mp3	bad.	18
p/bad.mp3	A bad cut.	18
w/bag.mp3	bag.	18
p/bag.mp3	A bag for school.	18
w/bal.mp3	bal.	18
w/ban.mp3	ban.	18
w/bass.mp3	bass.	18
w/bat.mp3	bat.	18
p/bat.mp3	A bat in the cave.	18
w/batman.mp3	batman.	18
w/baton.mp3	baton.	18
w/bats.mp3	bats.	18
p/bats.mp3	Bats at night.	18
w/bed.mp3	bed.	18
p/bed.mp3	Go to bed.	18
w/bedrock.mp3	bedrock.	18
w/beg.mp3	beg.	18
w/bel.mp3	bel.	18
w/bell.mp3	bell.	18
p/bell.mp3	Ring the bell.	18
w/belt.mp3	belt.	18
p/belt.mp3	A belt.	18
w/belts.mp3	belts.	18
w/bend.mp3	bend.	18
p/bend.mp3	Bend your legs.	18
w/bent.mp3	bent.	18
p/bent.mp3	A bent stick.	18
w/best.mp3	best.	18
p/best.mp3	Do your best.	18
w/bid.mp3	bid.	18
w/big.mp3	big.	18
p/big.mp3	A big box.	18
w/bill.mp3	bill.	18
p/bill.mp3	The duck has a bill.	18
w/bin.mp3	bin.	18
p/bin.mp3	Put it in the bin.	18
w/bis.mp3	bis.	18
w/bit.mp3	bit.	18
p/bit.mp3	A bit of bread.	18
w/bits.mp3	bits.	18
p/bits.mp3	Bits of bread.	18
w/black.mp3	black.	18
p/black.mp3	A black cat.	18
w/blacks.mp3	blacks.	18
w/bland.mp3	bland.	18
w/blast.mp3	blast.	18
w/blasts.mp3	blasts.	18
w/bled.mp3	bled.	18
w/blend.mp3	blend.	18
p/blend.mp3	Blend the fruit.	18
w/bless.mp3	bless.	18
w/bliss.mp3	bliss.	18
w/blissful.mp3	blissful.	18
w/blob.mp3	blob.	18
w/block.mp3	block.	18
p/block.mp3	A block of wood.	18
w/blocks.mp3	blocks.	18
p/blocks.mp3	Build with blocks.	18
w/blog.mp3	blog.	18
w/blot.mp3	blot.	18
w/bluff.mp3	bluff.	18
w/bluffs.mp3	bluffs.	18
w/blunt.mp3	blunt.	18
p/blunt.mp3	A blunt pencil.	18
w/bog.mp3	bog.	18
w/bollocks.mp3	bollocks.	18
w/bom.mp3	bom.	18
w/bond.mp3	bond.	18
w/bop.mp3	bop.	18
w/boss.mp3	boss.	18
w/bots.mp3	bots.	18
w/brag.mp3	brag.	18
w/bran.mp3	bran.	18
w/brand.mp3	brand.	18
w/bras.mp3	bras.	18
w/brass.mp3	brass.	18
w/brat.mp3	brat.	18
w/bred.mp3	bred.	18
w/brick.mp3	brick.	18
p/brick.mp3	A red brick.	18
w/bricks.mp3	bricks.	18
p/bricks.mp3	A wall of bricks.	18
w/brig.mp3	brig.	18
w/brill.mp3	brill.	18
w/brim.mp3	brim.	18
w/brisk.mp3	brisk.	18
w/brunt.mp3	brunt.	18
w/buck.mp3	buck.	18
w/bucks.mp3	bucks.	18
w/bud.mp3	bud.	18
p/bud.mp3	A bud on the stem.	18
w/buff.mp3	buff.	18
w/buffs.mp3	buffs.	18
w/bug.mp3	bug.	18
p/bug.mp3	A bug on a leaf.	18
w/bulb.mp3	bulb.	18
p/bulb.mp3	A bulb in the lamp.	18
w/bulk.mp3	bulk.	18
w/bump.mp3	bump.	18
p/bump.mp3	A bump on the road.	18
w/bumps.mp3	bumps.	18
w/bun.mp3	bun.	18
p/bun.mp3	A hot bun.	18
w/bus.mp3	bus.	18
p/bus.mp3	Get on the bus.	18
w/busts.mp3	busts.	18
w/but.mp3	but.	18
p/but.mp3	It is hot but I am fine.	18
w/cab.mp3	cab.	18
p/cab.mp3	Get in the cab.	18
w/club.mp3	club.	18
p/club.mp3	A book club.	18
w/cob.mp3	cob.	18
w/combat.mp3	combat.	18
w/crab.mp3	crab.	18
p/crab.mp3	A crab in the sand.	18
w/crib.mp3	crib.	18
w/cub.mp3	cub.	18
w/dab.mp3	dab.	18
w/debit.mp3	debit.	18
w/drab.mp3	drab.	18
w/dub.mp3	dub.	18
w/fab.mp3	fab.	18
w/fabric.mp3	fabric.	18
w/fabrics.mp3	fabrics.	18
w/fob.mp3	fob.	18
w/gambit.mp3	gambit.	18
w/goblin.mp3	goblin.	18
w/grab.mp3	grab.	18
p/grab.mp3	Grab the rope.	18
w/grub.mp3	grub.	18
w/handbag.mp3	handbag.	18
w/hub.mp3	hub.	18
w/lab.mp3	lab.	18
w/like.mp3	like.	18
w/mob.mp3	mob.	18
w/nab.mp3	nab.	18
w/nib.mp3	nib.	18
w/old.mp3	old.	18
w/prob.mp3	prob.	18
w/public.mp3	public.	18
w/rabid.mp3	rabid.	18
w/rib.mp3	rib.	18
w/robin.mp3	robin.	18
w/rub.mp3	rub.	18
p/rub.mp3	Rub your hands.	18
w/scrub.mp3	scrub.	18
p/scrub.mp3	Scrub the pan.	18
w/setback.mp3	setback.	18
w/setbacks.mp3	setbacks.	18
w/slab.mp3	slab.	18
w/sob.mp3	sob.	18
w/stub.mp3	stub.	18
w/sub.mp3	sub.	18
w/submit.mp3	submit.	18
w/submits.mp3	submits.	18
w/subset.mp3	subset.	18
w/subtract.mp3	subtract.	18
w/tab.mp3	tab.	18
w/tub.mp3	tub.	18
p/tub.mp3	A tub of water.	18
s/18-1.mp3	Adam and Mum get on a big bus.	18
s/18-2.mp3	Mum sits by Adam.	18
s/18-3.mp3	"I like the bus!" said Adam.	18
s/18-4.mp3	The bus stops at a big pond.	18
s/18-5.mp3	Adam can spot one red hen and some ducks.	18
s/18-6.mp3	An old dog can dig in the mud on a hill.	18
s/18-7.mp3	Only one stop, and Adam and Mum get off.	18
s/18-8.mp3	Adam is glad.	18
w/abstain.mp3	abstain.	19
w/aid.mp3	aid.	19
p/aid.mp3	First aid kit.	19
w/aim.mp3	aim.	19
p/aim.mp3	Aim at the net.	19
w/bail.mp3	bail.	19
w/bailiff.mp3	bailiff.	19
w/bain.mp3	bain.	19
w/bait.mp3	bait.	19
p/bait.mp3	Bait for the fish.	19
w/blackmail.mp3	blackmail.	19
w/braid.mp3	braid.	19
w/brain.mp3	brain.	19
p/brain.mp3	Use your brain!	19
w/claim.mp3	claim.	19
w/cocktail.mp3	cocktail.	19
w/disdain.mp3	disdain.	19
w/drain.mp3	drain.	19
p/drain.mp3	Water goes down the drain.	19
w/entail.mp3	entail.	19
w/fail.mp3	fail.	19
p/fail.mp3	Try again if you fail.	19
w/faint.mp3	faint.	19
p/faint.mp3	A faint light.	19
w/frail.mp3	frail.	19
w/gain.mp3	gain.	19
w/gait.mp3	gait.	19
w/grail.mp3	grail.	19
w/grain.mp3	grain.	19
p/grain.mp3	A grain of rice.	19
w/hail.mp3	hail.	19
p/hail.mp3	Hail on the roof.	19
w/have.mp3	have.	19
w/laid.mp3	laid.	19
p/laid.mp3	The hen laid an egg.	19
w/live.mp3	live.	19
w/maid.mp3	maid.	19
w/mail.mp3	mail.	19
p/mail.mp3	The mail is here.	19
w/main.mp3	main.	19
p/main.mp3	The main road.	19
w/maintain.mp3	maintain.	19
w/nail.mp3	nail.	19
p/nail.mp3	A nail in the wall.	19
w/pain.mp3	pain.	19
p/pain.mp3	A pain in my leg.	19
w/painful.mp3	painful.	19
w/paint.mp3	paint.	19
p/paint.mp3	Paint a red sun.	19
w/paints.mp3	paints.	19
p/paints.mp3	Sam paints a fish.	19
w/plain.mp3	plain.	19
p/plain.mp3	A plain cake.	19
w/plaintiffs.mp3	plaintiffs.	19
w/raid.mp3	raid.	19
w/rail.mp3	rail.	19
p/rail.mp3	Hold the rail.	19
w/rain.mp3	rain.	19
p/rain.mp3	Rain on the grass.	19
w/sail.mp3	sail.	19
p/sail.mp3	Sail on the sea.	19
w/snail.mp3	snail.	19
p/snail.mp3	A snail on a leaf.	19
w/stain.mp3	stain.	19
p/stain.mp3	A stain on my top.	19
w/strain.mp3	strain.	19
w/strait.mp3	strait.	19
w/straits.mp3	straits.	19
w/sustain.mp3	sustain.	19
w/tail.mp3	tail.	19
p/tail.mp3	The cat has a long tail.	19
w/trail.mp3	trail.	19
p/trail.mp3	A trail in the woods.	19
w/train.mp3	train.	19
p/train.mp3	Get on the train.	19
w/trait.mp3	trait.	19
w/traits.mp3	traits.	19
w/unpaid.mp3	unpaid.	19
w/abject.mp3	abject.	20
w/blackjack.mp3	blackjack.	20
w/give.mp3	give.	20
w/inject.mp3	inject.	20
w/jab.mp3	jab.	20
w/jack.mp3	jack.	20
w/jackass.mp3	jackass.	20
w/jacks.mp3	jacks.	20
w/jail.mp3	jail.	20
w/jam.mp3	jam.	20
p/jam.mp3	Fig jam.	20
w/jest.mp3	jest.	20
w/jet.mp3	jet.	20
p/jet.mp3	A jet in the sky.	20
w/jets.mp3	jets.	20
p/jets.mp3	Jets in the sky.	20
w/jig.mp3	jig.	20
w/job.mp3	job.	20
p/job.mp3	Good job!	20
w/jock.mp3	jock.	20
w/jog.mp3	jog.	20
w/joss.mp3	joss.	20
w/jug.mp3	jug.	20
w/jump.mp3	jump.	20
p/jump.mp3	Jump up!	20
w/jumps.mp3	jumps.	20
p/jumps.mp3	The frog jumps.	20
w/just.mp3	just.	20
p/just.mp3	Just a bit.	20
w/little.mp3	little.	20
w/object.mp3	object.	20
w/objects.mp3	objects.	20
w/project.mp3	project.	20
w/projects.mp3	projects.	20
w/subject.mp3	subject.	20
w/subjects.mp3	subjects.	20
w/unjust.mp3	unjust.	20
w/boast.mp3	boast.	21
p/boast.mp3	Do not boast.	21
w/boasts.mp3	boasts.	21
w/boat.mp3	boat.	21
p/boat.mp3	A boat on the sea.	21
w/boats.mp3	boats.	21
p/boats.mp3	Boats at the dock.	21
w/cloak.mp3	cloak.	21
p/cloak.mp3	A red cloak.	21
w/coal.mp3	coal.	21
w/coast.mp3	coast.	21
p/coast.mp3	A trip to the coast.	21
w/coasts.mp3	coasts.	21
w/coat.mp3	coat.	21
p/coat.mp3	Put on your coat.	21
w/coats.mp3	coats.	21
p/coats.mp3	Coats on the pegs.	21
w/down.mp3	down.	21
w/float.mp3	float.	21
p/float.mp3	A leaf can float.	21
w/floats.mp3	floats.	21
w/foam.mp3	foam.	21
p/foam.mp3	Foam on the soap.	21
w/goal.mp3	goal.	21
p/goal.mp3	Kick it in the goal!	21
w/goat.mp3	goat.	21
p/goat.mp3	A goat on the farm.	21
w/goats.mp3	goats.	21
p/goats.mp3	Goats on the hill.	21
w/groan.mp3	groan.	21
w/load.mp3	load.	21
p/load.mp3	A load of bricks.	21
w/loaf.mp3	loaf.	21
w/loan.mp3	loan.	21
w/moan.mp3	moan.	21
w/moat.mp3	moat.	21
w/oak.mp3	oak.	21
p/oak.mp3	An oak tree.	21
w/oaks.mp3	oaks.	21
w/oats.mp3	oats.	21
w/railroad.mp3	railroad.	21
w/road.mp3	road.	21
p/road.mp3	Stop at the road.	21
w/roadblock.mp3	roadblock.	21
w/roam.mp3	roam.	21
w/roast.mp3	roast.	21
p/roast.mp3	Roast the chicken.	21
w/sloan.mp3	sloan.	21
w/soak.mp3	soak.	21
p/soak.mp3	Soak the beans.	21
w/soap.mp3	soap.	21
p/soap.mp3	Wash with soap.	21
w/soaps.mp3	soaps.	21
w/toad.mp3	toad.	21
w/toast.mp3	toast.	21
p/toast.mp3	Toast and jam.	21
w/unload.mp3	unload.	21
w/upload.mp3	upload.	21
w/what.mp3	what.	21
s/21-1.mp3	Jamila and Dad sit in a little boat.	21
s/21-2.mp3	The boat floats on a big pond.	21
s/21-3.mp3	"What can live in the pond?" said Jamila.	21
s/21-4.mp3	"Ducks live in it," said Dad.	21
s/21-5.mp3	Rain! Drip, drop, drip. Rain drips down.	21
s/21-6.mp3	Jamila and Dad get damp.	21
s/21-7.mp3	"I have a coat," said Dad. Dad can give Jamila his coat.	21
s/21-8.mp3	They get off the boat and run to a big oak.	21
s/21-9.mp3	Jamila is damp, but Jamila is glad.	21
w/allied.mp3	allied.	22
w/cried.mp3	cried.	22
p/cried.mp3	The baby cried.	22
w/die.mp3	die.	22
p/die.mp3	Plants die with no water.	22
w/dried.mp3	dried.	22
p/dried.mp3	Dried figs.	22
w/fried.mp3	fried.	22
p/fried.mp3	Fried eggs.	22
w/implied.mp3	implied.	22
w/lie.mp3	lie.	22
p/lie.mp3	Do not lie.	22
w/lied.mp3	lied.	22
w/pie.mp3	pie.	22
p/pie.mp3	An apple pie.	22
w/pied.mp3	pied.	22
w/satisfied.mp3	satisfied.	22
w/skier.mp3	skier.	22
w/spied.mp3	spied.	22
w/tie.mp3	tie.	22
p/tie.mp3	Tie your laces.	22
w/tied.mp3	tied.	22
p/tied.mp3	Sam tied his laces.	22
w/tried.mp3	tried.	22
p/tried.mp3	Sam tried his best.	22
w/when.mp3	when.	22
w/why.mp3	why.	22
w/bee.mp3	bee.	23
p/bee.mp3	A bee on a flower.	23
w/beef.mp3	beef.	23
w/beet.mp3	beet.	23
w/beets.mp3	beets.	23
w/bleed.mp3	bleed.	23
w/bleep.mp3	bleep.	23
w/breed.mp3	breed.	23
w/canteen.mp3	canteen.	23
w/coffee.mp3	coffee.	23
w/cree.mp3	cree.	23
w/creek.mp3	creek.	23
p/creek.mp3	A creek in the woods.	23
w/creeks.mp3	creeks.	23
w/creep.mp3	creep.	23
p/creep.mp3	Creep like a cat.	23
w/creeps.mp3	creeps.	23
w/deed.mp3	deed.	23
p/deed.mp3	A good deed.	23
w/deem.mp3	deem.	23
w/deep.mp3	deep.	23
p/deep.mp3	A deep pond.	23
w/discreet.mp3	discreet.	23
w/eel.mp3	eel.	23
w/fee.mp3	fee.	23
w/feed.mp3	feed.	23
p/feed.mp3	Feed the hens.	23
w/feedback.mp3	feedback.	23
w/feel.mp3	feel.	23
p/feel.mp3	I feel glad.	23
w/feet.mp3	feet.	23
p/feet.mp3	Wash your feet.	23
w/fifteen.mp3	fifteen.	23
w/flee.mp3	flee.	23
w/fleet.mp3	fleet.	23
p/fleet.mp3	A fleet of boats.	23
w/fleets.mp3	fleets.	23
w/free.mp3	free.	23
p/free.mp3	The bird is free.	23
w/freed.mp3	freed.	23
w/geek.mp3	geek.	23
w/geeks.mp3	geeks.	23
w/glee.mp3	glee.	23
w/greed.mp3	greed.	23
w/green.mp3	green.	23
p/green.mp3	Green grass.	23
w/greet.mp3	greet.	23
p/greet.mp3	Greet your guests.	23
w/greets.mp3	greets.	23
w/heed.mp3	heed.	23
w/heel.mp3	heel.	23
p/heel.mp3	My heel hurts.	23
w/indeed.mp3	indeed.	23
w/jeep.mp3	jeep.	23
p/jeep.mp3	A jeep on the road.	23
w/keel.mp3	keel.	23
w/keen.mp3	keen.	23
p/keen.mp3	Sam is keen to help.	23
w/keep.mp3	keep.	23
p/keep.mp3	Keep it safe.	23
w/keeps.mp3	keeps.	23
p/keeps.mp3	Sam keeps the shell.	23
w/meek.mp3	meek.	23
w/meet.mp3	meet.	23
p/meet.mp3	Meet me at the park.	23
w/meets.mp3	meets.	23
p/meets.mp3	Sam meets his pal.	23
w/nee.mp3	nee.	23
w/need.mp3	need.	23
p/need.mp3	Plants need water.	23
w/peed.mp3	peed.	23
w/peek.mp3	peek.	23
p/peek.mp3	Peek in the box.	23
w/peel.mp3	peel.	23
p/peel.mp3	Peel the orange.	23
w/peep.mp3	peep.	23
w/peeps.mp3	peeps.	23
w/reed.mp3	reed.	23
p/reed.mp3	Reeds by the pond.	23
w/reef.mp3	reef.	23
p/reef.mp3	A coral reef.	23
w/reefs.mp3	reefs.	23
w/reel.mp3	reel.	23
p/reel.mp3	A reel of thread.	23
w/screen.mp3	screen.	23
p/screen.mp3	Turn off the screen.	23
w/see.mp3	see.	23
p/see.mp3	I can see the sea.	23
w/seed.mp3	seed.	23
p/seed.mp3	Plant a seed.	23
w/seek.mp3	seek.	23
p/seek.mp3	Hide and seek.	23
w/seeks.mp3	seeks.	23
w/seem.mp3	seem.	23
p/seem.mp3	You seem sad.	23
w/seen.mp3	seen.	23
p/seen.mp3	Have you seen my cat?	23
w/seer.mp3	seer.	23
w/sleek.mp3	sleek.	23
w/sleep.mp3	sleep.	23
p/sleep.mp3	Sleep well.	23
w/sleeps.mp3	sleeps.	23
p/sleeps.mp3	The baby sleeps.	23
w/speed.mp3	speed.	23
p/speed.mp3	Slow down your speed.	23
w/spleen.mp3	spleen.	23
w/spree.mp3	spree.	23
w/steel.mp3	steel.	23
p/steel.mp3	A steel pot.	23
w/steep.mp3	steep.	23
p/steep.mp3	A steep hill.	23
w/streep.mp3	streep.	23
w/street.mp3	street.	23
p/street.mp3	A long street.	23
w/streets.mp3	streets.	23
p/streets.mp3	Streets in town.	23
w/tee.mp3	tee.	23
w/teen.mp3	teen.	23
w/trainee.mp3	trainee.	23
w/tree.mp3	tree.	23
p/tree.mp3	A tall tree.	23
w/trustee.mp3	trustee.	23
w/unseen.mp3	unseen.	23
w/upkeep.mp3	upkeep.	23
w/where.mp3	where.	23
w/who.mp3	who.	23
w/any.mp3	any.	24
w/borg.mp3	borg.	24
w/born.mp3	born.	24
p/born.mp3	The lamb was born.	24
w/concord.mp3	concord.	24
w/cor.mp3	cor.	24
w/cord.mp3	cord.	24
p/cord.mp3	A cord.	24
w/cork.mp3	cork.	24
p/cork.mp3	A cork.	24
w/corn.mp3	corn.	24
p/corn.mp3	Corn on the cob.	24
w/corpus.mp3	corpus.	24
w/cortisol.mp3	cortisol.	24
w/discord.mp3	discord.	24
w/distort.mp3	distort.	24
w/dorm.mp3	dorm.	24
w/escort.mp3	escort.	24
w/escorts.mp3	escorts.	24
w/for.mp3	for.	24
p/for.mp3	A gift for Mum.	24
w/ford.mp3	ford.	24
w/forensic.mp3	forensic.	24
w/forensics.mp3	forensics.	24
w/forget.mp3	forget.	24
w/forgets.mp3	forgets.	24
w/forgot.mp3	forgot.	24
w/fork.mp3	fork.	24
p/fork.mp3	A fork and a spoon.	24
w/forks.mp3	forks.	24
w/form.mp3	form.	24
p/form.mp3	Fill in the form.	24
w/format.mp3	format.	24
w/formats.mp3	formats.	24
w/fort.mp3	fort.	24
p/fort.mp3	Build a fort.	24
w/forts.mp3	forts.	24
w/forum.mp3	forum.	24
w/historic.mp3	historic.	24
w/horn.mp3	horn.	24
p/horn.mp3	The goat has a horn.	24
w/import.mp3	import.	24
w/imports.mp3	imports.	24
w/inform.mp3	inform.	24
w/inorganic.mp3	inorganic.	24
w/landlord.mp3	landlord.	24
w/mentor.mp3	mentor.	24
w/mor.mp3	mor.	24
w/morales.mp3	morales.	24
w/morn.mp3	morn.	24
w/moron.mp3	moron.	24
w/mort.mp3	mort.	24
w/nor.mp3	nor.	24
w/norm.mp3	norm.	24
w/or.mp3	or.	24
p/or.mp3	Milk or water?	24
w/orb.mp3	orb.	24
w/organic.mp3	organic.	24
w/passport.mp3	passport.	24
w/passports.mp3	passports.	24
w/platform.mp3	platform.	24
w/popcorn.mp3	popcorn.	24
w/port.mp3	port.	24
p/port.mp3	Boats in the port.	24
w/ports.mp3	ports.	24
w/scorn.mp3	scorn.	24
w/snort.mp3	snort.	24
w/sort.mp3	sort.	24
p/sort.mp3	Sort the socks.	24
w/sorts.mp3	sorts.	24
w/sport.mp3	sport.	24
p/sport.mp3	Sam likes sport.	24
w/sports.mp3	sports.	24
p/sports.mp3	Sports day at school.	24
w/storm.mp3	storm.	24
p/storm.mp3	A big storm.	24
w/torment.mp3	torment.	24
w/torn.mp3	torn.	24
p/torn.mp3	A torn page.	24
w/tort.mp3	tort.	24
w/transform.mp3	transform.	24
w/transport.mp3	transport.	24
w/transports.mp3	transports.	24
w/unborn.mp3	unborn.	24
w/which.mp3	which.	24
s/24-1.mp3	Bilal and Dad see a goat on a hill.	24
s/24-2.mp3	"Who is it?" said Bilal. "It is a goat," said Dad.	24
s/24-3.mp3	The goat is big and soft.	24
s/24-4.mp3	"Do we have any oats?" said Bilal. Dad had some oats.	24
s/24-5.mp3	Bilal fed the goat.	24
s/24-6.mp3	Rain! Drip, drop, drip.	24
s/24-7.mp3	"Where can we go?" said Bilal.	24
s/24-8.mp3	"Which tree? Why not the big oak tree?" said Dad.	24
s/24-9.mp3	Bilal, Dad and the goat stand at the big oak tree.	24
s/24-10.mp3	When the rain stops, Bilal and the goat run on the green grass.	24
w/buzz.mp3	buzz.	25
p/buzz.mp3	Bees buzz.	25
w/fuzz.mp3	fuzz.	25
w/many.mp3	many.	25
w/more.mp3	more.	25
w/zest.mp3	zest.	25
w/zig.mp3	zig.	25
w/zip.mp3	zip.	25
p/zip.mp3	Zip up your coat.	25
w/before.mp3	before.	26
w/dwell.mp3	dwell.	26
w/other.mp3	other.	26
w/swain.mp3	swain.	26
w/swam.mp3	swam.	26
w/sweep.mp3	sweep.	26
p/sweep.mp3	Sweep the floor.	26
w/sweeps.mp3	sweeps.	26
w/sweet.mp3	sweet.	26
p/sweet.mp3	A sweet plum.	26
w/sweets.mp3	sweets.	26
p/sweets.mp3	Sweets after lunch.	26
w/swell.mp3	swell.	26
w/swept.mp3	swept.	26
p/swept.mp3	Mum swept the floor.	26
w/swift.mp3	swift.	26
p/swift.mp3	A swift bird.	26
w/swim.mp3	swim.	26
p/swim.mp3	Swim in the pool.	26
w/swiss.mp3	swiss.	26
w/sworn.mp3	sworn.	26
w/twain.mp3	twain.	26
w/tweed.mp3	tweed.	26
w/tweet.mp3	tweet.	26
w/tweets.mp3	tweets.	26
w/twig.mp3	twig.	26
w/twin.mp3	twin.	26
p/twin.mp3	Sam has a twin.	26
w/twist.mp3	twist.	26
p/twist.mp3	Twist the cap.	26
w/twists.mp3	twists.	26
w/unwell.mp3	unwell.	26
w/wag.mp3	wag.	26
w/waist.mp3	waist.	26
p/waist.mp3	A belt on my waist.	26
w/wait.mp3	wait.	26
p/wait.mp3	Wait for me.	26
w/waits.mp3	waits.	26
p/waits.mp3	Sam waits for the bus.	26
w/web.mp3	web.	26
p/web.mp3	A spider web.	26
w/wed.mp3	wed.	26
w/weed.mp3	weed.	26
p/weed.mp3	Pull the weed.	26
w/week.mp3	week.	26
p/week.mp3	A week at the farm.	26
w/weekend.mp3	weekend.	26
w/weeks.mp3	weeks.	26
p/weeks.mp3	Two weeks.	26
w/weep.mp3	weep.	26
w/weld.mp3	weld.	26
w/well.mp3	well.	26
p/well.mp3	Well done!	26
w/went.mp3	went.	26
p/went.mp3	Sam went to school.	26
w/wept.mp3	wept.	26
w/west.mp3	west.	26
p/west.mp3	The sun sets in the west.	26
w/wet.mp3	wet.	26
p/wet.mp3	Wet socks.	26
w/wick.mp3	wick.	26
w/wig.mp3	wig.	26
w/will.mp3	will.	26
p/will.mp3	It will rain.	26
w/willful.mp3	willful.	26
w/wilt.mp3	wilt.	26
w/win.mp3	win.	26
p/win.mp3	Win the race.	26
w/wind.mp3	wind.	26
p/wind.mp3	The wind is strong.	26
w/windmill.mp3	windmill.	26
w/wis.mp3	wis.	26
w/wit.mp3	wit.	26
w/wits.mp3	wits.	26
w/wiz.mp3	wiz.	26
w/won.mp3	won.	26
p/won.mp3	Sam won the race.	26
w/worn.mp3	worn.	26
p/worn.mp3	A worn coat.	26
w/acting.mp3	acting.	27
w/aiding.mp3	aiding.	27
w/ailing.mp3	ailing.	27
w/aiming.mp3	aiming.	27
w/asking.mp3	asking.	27
w/backing.mp3	backing.	27
w/backpacking.mp3	backpacking.	27
w/baffling.mp3	baffling.	27
w/baiting.mp3	baiting.	27
w/bang.mp3	bang.	27
p/bang.mp3	Bang! The door shut.	27
w/banging.mp3	banging.	27
w/bangkok.mp3	bangkok.	27
w/bank.mp3	bank.	27
p/bank.mp3	The bank of the river.	27
w/banking.mp3	banking.	27
w/bankrupt.mp3	bankrupt.	27
w/banks.mp3	banks.	27
w/because.mp3	because.	27
w/bending.mp3	bending.	27
w/billing.mp3	billing.	27
w/blanc.mp3	blanc.	27
w/blank.mp3	blank.	27
p/blank.mp3	A blank page.	27
w/blanks.mp3	blanks.	27
w/blasting.mp3	blasting.	27
w/bleeding.mp3	bleeding.	27
w/blending.mp3	blending.	27
w/blessing.mp3	blessing.	27
w/blink.mp3	blink.	27
p/blink.mp3	Blink your eyes.	27
w/blinking.mp3	blinking.	27
w/blocking.mp3	blocking.	27
w/boasting.mp3	boasting.	27
w/boating.mp3	boating.	27
w/bonding.mp3	bonding.	27
w/boring.mp3	boring.	27
w/branding.mp3	branding.	27
w/breeding.mp3	breeding.	27
w/bring.mp3	bring.	27
p/bring.mp3	Bring your bag.	27
w/bringing.mp3	bringing.	27
w/brink.mp3	brink.	27
w/bumping.mp3	bumping.	27
w/bunk.mp3	bunk.	27
w/bunting.mp3	bunting.	27
w/busting.mp3	busting.	27
w/buzzing.mp3	buzzing.	27
w/camping.mp3	camping.	27
w/casting.mp3	casting.	27
w/claiming.mp3	claiming.	27
w/clicking.mp3	clicking.	27
w/cling.mp3	cling.	27
w/clinging.mp3	clinging.	27
w/coating.mp3	coating.	27
w/contacting.mp3	contacting.	27
w/contracting.mp3	contracting.	27
w/costing.mp3	costing.	27
w/cracking.mp3	cracking.	27
w/crafting.mp3	crafting.	27
w/crank.mp3	crank.	27
w/creeping.mp3	creeping.	27
w/crossing.mp3	crossing.	27
w/crumbling.mp3	crumbling.	27
w/dank.mp3	dank.	27
w/dazzling.mp3	dazzling.	27
w/directing.mp3	directing.	27
w/discussing.mp3	discussing.	27
w/disgusting.mp3	disgusting.	27
w/dismantling.mp3	dismantling.	27
w/dismissing.mp3	dismissing.	27
w/dispensing.mp3	dispensing.	27
w/disrupting.mp3	disrupting.	27
w/dissenting.mp3	dissenting.	27
w/distinct.mp3	distinct.	27
w/distracting.mp3	distracting.	27
w/distressing.mp3	distressing.	27
w/docking.mp3	docking.	27
w/drafting.mp3	drafting.	27
w/draining.mp3	draining.	27
w/drank.mp3	drank.	27
p/drank.mp3	Sam drank his milk.	27
w/dressing.mp3	dressing.	27
w/drifting.mp3	drifting.	27
w/drilling.mp3	drilling.	27
w/drink.mp3	drink.	27
p/drink.mp3	Drink your milk.	27
w/drinking.mp3	drinking.	27
w/drinks.mp3	drinks.	27
p/drinks.mp3	The cat drinks milk.	27
w/ducking.mp3	ducking.	27
w/dumping.mp3	dumping.	27
w/dung.mp3	dung.	27
w/dunk.mp3	dunk.	27
p/dunk.mp3	Dunk the biscuit.	27
w/dusting.mp3	dusting.	27
w/dwelling.mp3	dwelling.	27
w/dwindling.mp3	dwindling.	27
w/editing.mp3	editing.	27
w/enacting.mp3	enacting.	27
w/ending.mp3	ending.	27
w/endorsing.mp3	endorsing.	27
w/failing.mp3	failing.	27
w/fainting.mp3	fainting.	27
w/fang.mp3	fang.	27
w/fasting.mp3	fasting.	27
w/feeding.mp3	feeding.	27
w/feeling.mp3	feeling.	27
w/filling.mp3	filling.	27
w/filming.mp3	filming.	27
w/fink.mp3	fink.	27
w/flank.mp3	flank.	27
w/flanking.mp3	flanking.	27
w/flanks.mp3	flanks.	27
w/fleeing.mp3	fleeing.	27
w/fleeting.mp3	fleeting.	27
w/fling.mp3	fling.	27
w/floating.mp3	floating.	27
w/flung.mp3	flung.	27
w/forming.mp3	forming.	27
w/franc.mp3	franc.	27
w/frank.mp3	frank.	27
w/franks.mp3	franks.	27
w/freeing.mp3	freeing.	27
w/freezing.mp3	freezing.	27
w/frosting.mp3	frosting.	27
w/funding.mp3	funding.	27
w/gaining.mp3	gaining.	27
w/gambling.mp3	gambling.	27
w/gang.mp3	gang.	27
w/gasping.mp3	gasping.	27
w/golfing.mp3	golfing.	27
w/gong.mp3	gong.	27
w/granting.mp3	granting.	27
w/grasping.mp3	grasping.	27
w/greeting.mp3	greeting.	27
w/grilling.mp3	grilling.	27
w/hacking.mp3	hacking.	27
w/hailing.mp3	hailing.	27
w/hamstring.mp3	hamstring.	27
w/handing.mp3	handing.	27
w/handling.mp3	handling.	27
w/hanging.mp3	hanging.	27
w/hanks.mp3	hanks.	27
w/helping.mp3	helping.	27
w/hinting.mp3	hinting.	27
w/humbling.mp3	humbling.	27
w/hung.mp3	hung.	27
p/hung.mp3	Sam hung his coat.	27
w/hunk.mp3	hunk.	27
w/hunting.mp3	hunting.	27
w/ignoring.mp3	ignoring.	27
w/impacting.mp3	impacting.	27
w/impending.mp3	impending.	27
w/importing.mp3	importing.	27
w/impressing.mp3	impressing.	27
w/indistinct.mp3	indistinct.	27
w/inflicting.mp3	inflicting.	27
w/informing.mp3	informing.	27
w/injecting.mp3	injecting.	27
w/ink.mp3	ink.	27
p/ink.mp3	Ink in a pen.	27
w/inks.mp3	inks.	27
w/insisting.mp3	insisting.	27
w/inspecting.mp3	inspecting.	27
w/instinct.mp3	instinct.	27
w/instincts.mp3	instincts.	27
w/instructing.mp3	instructing.	27
w/insulting.mp3	insulting.	27
w/intending.mp3	intending.	27
w/jing.mp3	jing.	27
w/jumping.mp3	jumping.	27
w/junk.mp3	junk.	27
w/keeping.mp3	keeping.	27
w/kicking.mp3	kicking.	27
w/killing.mp3	killing.	27
w/king.mp3	king.	27
p/king.mp3	The king has a crown.	27
w/kingpin.mp3	kingpin.	27
w/kinks.mp3	kinks.	27
w/kissing.mp3	kissing.	27
w/lacking.mp3	lacking.	27
w/landing.mp3	landing.	27
w/lasting.mp3	lasting.	27
w/lending.mp3	lending.	27
w/licking.mp3	licking.	27
w/lifting.mp3	lifting.	27
w/link.mp3	link.	27
w/linking.mp3	linking.	27
w/links.mp3	links.	27
w/listing.mp3	listing.	27
w/loading.mp3	loading.	27
w/locking.mp3	locking.	27
w/long.mp3	long.	27
p/long.mp3	A long tail.	27
w/longing.mp3	longing.	27
w/longstanding.mp3	longstanding.	27
w/lung.mp3	lung.	27
w/mailing.mp3	mailing.	27
w/maintaining.mp3	maintaining.	27
w/masking.mp3	masking.	27
w/meeting.mp3	meeting.	27
w/melting.mp3	melting.	27
w/meng.mp3	meng.	27
w/messing.mp3	messing.	27
w/milking.mp3	milking.	27
w/milling.mp3	milling.	27
w/mink.mp3	mink.	27
w/missing.mp3	missing.	27
w/moaning.mp3	moaning.	27
w/mocking.mp3	mocking.	27
w/morning.mp3	morning.	27
w/mustang.mp3	mustang.	27
w/nailing.mp3	nailing.	27
w/needing.mp3	needing.	27
w/nesting.mp3	nesting.	27
w/offspring.mp3	offspring.	27
w/opting.mp3	opting.	27
w/packing.mp3	packing.	27
w/painting.mp3	painting.	27
w/pang.mp3	pang.	27
w/passing.mp3	passing.	27
w/peeing.mp3	peeing.	27
w/peeling.mp3	peeling.	27
w/pending.mp3	pending.	27
w/picking.mp3	picking.	27
w/pink.mp3	pink.	27
p/pink.mp3	A pink cup.	27
w/pissing.mp3	pissing.	27
w/plank.mp3	plank.	27
w/planks.mp3	planks.	27
w/planting.mp3	planting.	27
w/pong.mp3	pong.	27
w/prank.mp3	prank.	27
w/pranks.mp3	pranks.	27
w/pressing.mp3	pressing.	27
w/printing.mp3	printing.	27
w/prompting.mp3	prompting.	27
w/pumping.mp3	pumping.	27
w/puzzling.mp3	puzzling.	27
w/racking.mp3	racking.	27
w/raiding.mp3	raiding.	27
w/railing.mp3	railing.	27
w/raining.mp3	raining.	27
w/rambling.mp3	rambling.	27
w/rang.mp3	rang.	27
p/rang.mp3	The bell rang.	27
w/rank.mp3	rank.	27
w/ranking.mp3	ranking.	27
w/ranks.mp3	ranks.	27
w/ranting.mp3	ranting.	27
w/reeling.mp3	reeling.	27
w/renting.mp3	renting.	27
w/resting.mp3	resting.	27
w/ring.mp3	ring.	27
p/ring.mp3	A gold ring.	27
w/ringing.mp3	ringing.	27
w/rink.mp3	rink.	27
w/risking.mp3	risking.	27
w/roaming.mp3	roaming.	27
w/roasting.mp3	roasting.	27
w/rocking.mp3	rocking.	27
w/rung.mp3	rung.	27
w/sacking.mp3	sacking.	27
w/sailing.mp3	sailing.	27
w/sampling.mp3	sampling.	27
w/sank.mp3	sank.	27
p/sank.mp3	The rock sank.	27
w/scoring.mp3	scoring.	27
w/scrambling.mp3	scrambling.	27
w/screening.mp3	screening.	27
w/seeding.mp3	seeding.	27
w/seeing.mp3	seeing.	27
w/seeking.mp3	seeking.	27
w/seeming.mp3	seeming.	27
w/selling.mp3	selling.	27
w/sending.mp3	sending.	27
w/sensing.mp3	sensing.	27
w/sibling.mp3	sibling.	27
w/singing.mp3	singing.	27
w/sink.mp3	sink.	27
p/sink.mp3	Wash it in the sink.	27
w/sinking.mp3	sinking.	27
w/sinks.mp3	sinks.	27
w/sizzling.mp3	sizzling.	27
w/skunk.mp3	skunk.	27
w/slang.mp3	slang.	27
w/sleeping.mp3	sleeping.	27
w/sling.mp3	sling.	27
w/smacking.mp3	smacking.	27
w/smelling.mp3	smelling.	27
w/sneezing.mp3	sneezing.	27
w/sniffing.mp3	sniffing.	27
w/snoring.mp3	snoring.	27
w/soaking.mp3	soaking.	27
w/sorting.mp3	sorting.	27
w/spank.mp3	spank.	27
w/spanking.mp3	spanking.	27
w/speeding.mp3	speeding.	27
w/spelling.mp3	spelling.	27
w/spending.mp3	spending.	27
w/spilling.mp3	spilling.	27
w/sporting.mp3	sporting.	27
w/sprang.mp3	sprang.	27
w/spring.mp3	spring.	27
p/spring.mp3	Flowers in spring.	27
w/sprinting.mp3	sprinting.	27
w/sprung.mp3	sprung.	27
w/stacking.mp3	stacking.	27
w/staffing.mp3	staffing.	27
w/staining.mp3	staining.	27
w/stamping.mp3	stamping.	27
w/standing.mp3	standing.	27
w/sticking.mp3	sticking.	27
w/sting.mp3	sting.	27
p/sting.mp3	A bee sting.	27
w/stinging.mp3	stinging.	27
w/stink.mp3	stink.	27
w/stinking.mp3	stinking.	27
w/stinks.mp3	stinks.	27
w/stocking.mp3	stocking.	27
w/stomping.mp3	stomping.	27
w/storing.mp3	storing.	27
w/storming.mp3	storming.	27
w/straining.mp3	straining.	27
w/stressing.mp3	stressing.	27
w/string.mp3	string.	27
p/string.mp3	A bit of string.	27
w/strong.mp3	strong.	27
p/strong.mp3	Dad is strong.	27
w/strung.mp3	strung.	27
w/stuffing.mp3	stuffing.	27
w/stumbling.mp3	stumbling.	27
w/stung.mp3	stung.	27
w/sucking.mp3	sucking.	27
w/sunk.mp3	sunk.	27
w/suspending.mp3	suspending.	27
w/sustaining.mp3	sustaining.	27
w/sweeping.mp3	sweeping.	27
w/swelling.mp3	swelling.	27
w/swing.mp3	swing.	27
p/swing.mp3	Play on the swing.	27
w/swinging.mp3	swinging.	27
w/swung.mp3	swung.	27
w/tackling.mp3	tackling.	27
w/tang.mp3	tang.	27
w/tank.mp3	tank.	27
p/tank.mp3	A fish tank.	27
w/tanks.mp3	tanks.	27
w/telling.mp3	telling.	27
w/tempting.mp3	tempting.	27
w/tending.mp3	tending.	27
w/testing.mp3	testing.	27
w/ticking.mp3	ticking.	27
w/tilting.mp3	tilting.	27
w/ting.mp3	ting.	27
w/tong.mp3	tong.	27
w/tossing.mp3	tossing.	27
w/tracking.mp3	tracking.	27
w/trailing.mp3	trailing.	27
w/training.mp3	training.	27
w/transforming.mp3	transforming.	27
w/transporting.mp3	transporting.	27
w/trembling.mp3	trembling.	27
w/trending.mp3	trending.	27
w/trespassing.mp3	trespassing.	27
w/tricking.mp3	tricking.	27
w/trucking.mp3	trucking.	27
w/trunk.mp3	trunk.	27
p/trunk.mp3	An elephant's trunk.	27
w/trunks.mp3	trunks.	27
w/trusting.mp3	trusting.	27
w/tumbling.mp3	tumbling.	27
w/tung.mp3	tung.	27
w/twisting.mp3	twisting.	27
w/unloading.mp3	unloading.	27
w/unlocking.mp3	unlocking.	27
w/unsuspecting.mp3	unsuspecting.	27
w/unwilling.mp3	unwilling.	27
w/upbringing.mp3	upbringing.	27
w/uplifting.mp3	uplifting.	27
w/uploading.mp3	uploading.	27
w/wailing.mp3	wailing.	27
w/waiting.mp3	waiting.	27
w/weeping.mp3	weeping.	27
w/welding.mp3	welding.	27
w/were.mp3	were.	27
w/willing.mp3	willing.	27
w/wing.mp3	wing.	27
p/wing.mp3	A bird's wing.	27
w/wink.mp3	wink.	27
p/wink.mp3	Wink at Mum.	27
w/zinc.mp3	zinc.	27
s/27-1.mp3	Hafsa sits on a swing.	27
s/27-2.mp3	Swing up, swing back!	27
s/27-3.mp3	Nan helps Hafsa swing up, up, up!	27
s/27-4.mp3	"More, Nan, more!"	27
s/27-5.mp3	Many ducks were on the grass. One duck sat on the other swing!	27
s/27-6.mp3	Hafsa can feel the wind.	27
s/27-7.mp3	Before Hafsa and Nan go back, they sit on the green grass and drink milk.	27
s/27-8.mp3	"I am glad because you swing me, Nan!"	27
w/activist.mp3	activist.	28
w/activists.mp3	activists.	28
w/avid.mp3	avid.	28
w/convent.mp3	convent.	28
w/convict.mp3	convict.	28
w/convicts.mp3	convicts.	28
w/dividend.mp3	dividend.	28
w/forgiving.mp3	forgiving.	28
w/giving.mp3	giving.	28
w/having.mp3	having.	28
w/invent.mp3	invent.	28
w/inventing.mp3	inventing.	28
w/invest.mp3	invest.	28
w/investing.mp3	investing.	28
w/invests.mp3	invests.	28
w/involving.mp3	involving.	28
w/lev.mp3	lev.	28
w/levin.mp3	levin.	28
w/living.mp3	living.	28
w/pelvic.mp3	pelvic.	28
w/saw.mp3	saw.	28
w/solving.mp3	solving.	28
w/vail.mp3	vail.	28
w/vain.mp3	vain.	28
w/valid.mp3	valid.	28
w/van.mp3	van.	28
p/van.mp3	Dad has a van.	28
w/vast.mp3	vast.	28
p/vast.mp3	A vast sea.	28
w/vat.mp3	vat.	28
w/vee.mp3	vee.	28
w/vending.mp3	vending.	28
w/vent.mp3	vent.	28
w/venting.mp3	venting.	28
w/vents.mp3	vents.	28
w/vest.mp3	vest.	28
p/vest.mp3	A vest.	28
w/vests.mp3	vests.	28
w/vet.mp3	vet.	28
p/vet.mp3	Take the cat to the vet.	28
w/vets.mp3	vets.	28
w/victim.mp3	victim.	28
w/vie.mp3	vie.	28
w/vis.mp3	vis.	28
w/vivid.mp3	vivid.	28
w/volcanic.mp3	volcanic.	28
w/want.mp3	want.	28
w/book.mp3	book.	29
p/book.mp3	Read a book.	29
w/booking.mp3	booking.	29
w/books.mp3	books.	29
p/books.mp3	Books on the shelf.	29
w/brook.mp3	brook.	29
p/brook.mp3	A brook in the woods.	29
w/brooks.mp3	brooks.	29
w/cook.mp3	cook.	29
p/cook.mp3	Mum can cook.	29
w/cookbook.mp3	cookbook.	29
w/cooking.mp3	cooking.	29
w/cooks.mp3	cooks.	29
p/cooks.mp3	Dad cooks rice.	29
w/could.mp3	could.	29
w/crook.mp3	crook.	29
w/crooks.mp3	crooks.	29
w/foot.mp3	foot.	29
p/foot.mp3	My foot hurts.	29
w/footing.mp3	footing.	29
w/footprint.mp3	footprint.	29
w/footprints.mp3	footprints.	29
w/footsteps.mp3	footsteps.	29
w/good.mp3	good.	29
p/good.mp3	Good job!	29
w/goodwill.mp3	goodwill.	29
w/greenwood.mp3	greenwood.	29
w/handbook.mp3	handbook.	29
w/hood.mp3	hood.	29
p/hood.mp3	Put up your hood.	29
w/hook.mp3	hook.	29
p/hook.mp3	A coat on a hook.	29
w/hooking.mp3	hooking.	29
w/hooks.mp3	hooks.	29
p/hooks.mp3	Hooks for coats.	29
w/hookup.mp3	hookup.	29
w/look.mp3	look.	29
p/look.mp3	Look at the moon.	29
w/looking.mp3	looking.	29
w/looks.mp3	looks.	29
p/looks.mp3	Sam looks at the sky.	29
w/manhood.mp3	manhood.	29
w/mistook.mp3	mistook.	29
w/moor.mp3	moor.	29
w/nook.mp3	nook.	29
w/put.mp3	put.	29
w/redwood.mp3	redwood.	29
w/roof.mp3	roof.	29
p/roof.mp3	A cat on the roof.	29
w/rook.mp3	rook.	29
w/soot.mp3	soot.	29
w/stood.mp3	stood.	29
p/stood.mp3	Sam stood up.	29
w/took.mp3	took.	29
p/took.mp3	Sam took a book.	29
w/wood.mp3	wood.	29
p/wood.mp3	A log of wood.	29
w/woodland.mp3	woodland.	29
w/wool.mp3	wool.	29
p/wool.mp3	A wool hat.	29
w/bamboo.mp3	bamboo.	30
w/bedroom.mp3	bedroom.	30
w/bloom.mp3	bloom.	30
p/bloom.mp3	Flowers bloom in spring.	30
w/blooming.mp3	blooming.	30
w/boo.mp3	boo.	30
w/boob.mp3	boob.	30
w/booing.mp3	booing.	30
w/boom.mp3	boom.	30
p/boom.mp3	Boom!	30
w/booming.mp3	booming.	30
w/boon.mp3	boon.	30
w/boost.mp3	boost.	30
w/boosting.mp3	boosting.	30
w/boosts.mp3	boosts.	30
w/boot.mp3	boot.	30
p/boot.mp3	A boot.	30
w/bootleg.mp3	bootleg.	30
w/boots.mp3	boots.	30
p/boots.mp3	Wet boots.	30
w/brood.mp3	brood.	30
w/brooding.mp3	brooding.	30
w/broom.mp3	broom.	30
w/classroom.mp3	classroom.	30
w/coo.mp3	coo.	30
w/cool.mp3	cool.	30
p/cool.mp3	A cool drink.	30
w/cooling.mp3	cooling.	30
w/coon.mp3	coon.	30
w/coop.mp3	coop.	30
w/cuckoo.mp3	cuckoo.	30
w/drool.mp3	drool.	30
w/drooling.mp3	drooling.	30
w/foo.mp3	foo.	30
w/food.mp3	food.	30
p/food.mp3	Food on a plate.	30
w/fool.mp3	fool.	30
w/fooling.mp3	fooling.	30
w/gloom.mp3	gloom.	30
w/goo.mp3	goo.	30
w/googling.mp3	googling.	30
w/goon.mp3	goon.	30
w/groom.mp3	groom.	30
p/groom.mp3	Groom the horse.	30
w/grooming.mp3	grooming.	30
w/hoof.mp3	hoof.	30
w/hoop.mp3	hoop.	30
w/hoops.mp3	hoops.	30
w/loo.mp3	loo.	30
w/loom.mp3	loom.	30
w/looming.mp3	looming.	30
w/loop.mp3	loop.	30
p/loop.mp3	A loop of string.	30
w/looping.mp3	looping.	30
w/loops.mp3	loops.	30
w/loosing.mp3	loosing.	30
w/loot.mp3	loot.	30
w/looting.mp3	looting.	30
w/monsoon.mp3	monsoon.	30
w/moo.mp3	moo.	30
w/mood.mp3	mood.	30
p/mood.mp3	A good mood.	30
w/moon.mp3	moon.	30
p/moon.mp3	The moon is bright.	30
w/moot.mp3	moot.	30
w/noon.mp3	noon.	30
p/noon.mp3	Lunch at noon.	30
w/pool.mp3	pool.	30
p/pool.mp3	Swim in the pool.	30
w/poor.mp3	poor.	30
p/poor.mp3	Help the poor.	30
w/proof.mp3	proof.	30
w/proofs.mp3	proofs.	30
w/roofing.mp3	roofing.	30
w/roofs.mp3	roofs.	30
w/room.mp3	room.	30
p/room.mp3	Tidy your room.	30
w/roost.mp3	roost.	30
w/root.mp3	root.	30
p/root.mp3	The root of a tree.	30
w/rooting.mp3	rooting.	30
w/roots.mp3	roots.	30
p/roots.mp3	Roots in the soil.	30
w/scoop.mp3	scoop.	30
p/scoop.mp3	A scoop of rice.	30
w/should.mp3	should.	30
w/snoop.mp3	snoop.	30
w/snooping.mp3	snooping.	30
w/soon.mp3	soon.	30
p/soon.mp3	See you soon.	30
w/spoof.mp3	spoof.	30
w/spoon.mp3	spoon.	30
p/spoon.mp3	A spoon of soup.	30
w/stool.mp3	stool.	30
p/stool.mp3	Sit on the stool.	30
w/stoop.mp3	stoop.	30
w/swoop.mp3	swoop.	30
w/taboo.mp3	taboo.	30
w/too.mp3	too.	30
p/too.mp3	Me too!	30
w/tool.mp3	tool.	30
p/tool.mp3	A tool kit.	30
w/toon.mp3	toon.	30
w/toot.mp3	toot.	30
w/troop.mp3	troop.	30
w/troops.mp3	troops.	30
w/voodoo.mp3	voodoo.	30
w/woof.mp3	woof.	30
w/would.mp3	would.	30
w/zoo.mp3	zoo.	30
p/zoo.mp3	A trip to the zoo.	30
w/zoom.mp3	zoom.	30
p/zoom.mp3	Zoom!	30
s/30-1.mp3	Idris looks up. The moon is big.	30
s/30-2.mp3	"I want to see the moon!" said Idris.	30
s/30-3.mp3	A cool wind. Rain drops on the roof.	30
s/30-4.mp3	"Could I go up on the roof?"	30
s/30-5.mp3	"You should not. It is wet," said Mum.	30
s/30-6.mp3	So Idris put on his wool hat and sits on a soft rug in his room.	30
s/30-7.mp3	He looks and looks at the moon.	30
s/30-8.mp3	"I saw the moon! I would like to look at it soon, and Dad too!"	30
w/right.mp3	right.	31
w/two.mp3	two.	31
w/yak.mp3	yak.	31
w/yam.mp3	yam.	31
w/yank.mp3	yank.	31
w/yanks.mp3	yanks.	31
w/yell.mp3	yell.	31
p/yell.mp3	Do not yell.	31
w/yelling.mp3	yelling.	31
w/yelp.mp3	yelp.	31
w/yep.mp3	yep.	31
w/yes.mp3	yes.	31
p/yes.mp3	Yes, please.	31
w/yet.mp3	yet.	31
p/yet.mp3	Not yet!	31
w/yuck.mp3	yuck.	31
w/ax.mp3	ax.	32
w/box.mp3	box.	32
p/box.mp3	A box of toys.	32
w/boxing.mp3	boxing.	32
w/complex.mp3	complex.	32
w/context.mp3	context.	32
w/contexts.mp3	contexts.	32
w/convex.mp3	convex.	32
w/cortex.mp3	cortex.	32
w/crux.mp3	crux.	32
w/ex.mp3	ex.	32
w/export.mp3	export.	32
w/exports.mp3	exports.	32
w/extract.mp3	extract.	32
w/extracting.mp3	extracting.	32
w/extracts.mp3	extracts.	32
w/fax.mp3	fax.	32
w/fix.mp3	fix.	32
p/fix.mp3	Dad can fix it.	32
w/fixing.mp3	fixing.	32
w/flax.mp3	flax.	32
w/flex.mp3	flex.	32
p/flex.mp3	Flex your arm.	32
w/flexing.mp3	flexing.	32
w/flux.mp3	flux.	32
w/four.mp3	four.	32
w/fox.mp3	fox.	32
p/fox.mp3	A fox in the woods.	32
w/goes.mp3	goes.	32
w/hex.mp3	hex.	32
w/hoax.mp3	hoax.	32
w/inbox.mp3	inbox.	32
w/index.mp3	index.	32
w/indexing.mp3	indexing.	32
w/influx.mp3	influx.	32
w/lax.mp3	lax.	32
w/lexicon.mp3	lexicon.	32
w/lux.mp3	lux.	32
w/mailbox.mp3	mailbox.	32
w/mix.mp3	mix.	32
p/mix.mp3	Mix the eggs.	32
w/mixing.mp3	mixing.	32
w/next.mp3	next.	32
p/next.mp3	Next, please.	32
w/nexus.mp3	nexus.	32
w/nix.mp3	nix.	32
w/ox.mp3	ox.	32
w/pax.mp3	pax.	32
w/pox.mp3	pox.	32
w/sandbox.mp3	sandbox.	32
w/sax.mp3	sax.	32
w/six.mp3	six.	32
p/six.mp3	Six eggs.	32
w/sixteen.mp3	sixteen.	32
w/suffix.mp3	suffix.	32
w/tax.mp3	tax.	32
w/taxing.mp3	taxing.	32
w/text.mp3	text.	32
p/text.mp3	Read the text.	32
w/textbook.mp3	textbook.	32
w/textbooks.mp3	textbooks.	32
w/texting.mp3	texting.	32
w/texts.mp3	texts.	32
w/toxic.mp3	toxic.	32
w/vortex.mp3	vortex.	32
w/wax.mp3	wax.	32
w/waxing.mp3	waxing.	32
w/beech.mp3	beech.	33
w/bench.mp3	bench.	33
p/bench.mp3	Sit on the bench.	33
w/branch.mp3	branch.	33
p/branch.mp3	A bird on a branch.	33
w/branching.mp3	branching.	33
w/brooch.mp3	brooch.	33
w/brunch.mp3	brunch.	33
w/bunch.mp3	bunch.	33
p/bunch.mp3	A bunch of grapes.	33
w/chain.mp3	chain.	33
p/chain.mp3	A gold chain.	33
w/champ.mp3	champ.	33
w/champs.mp3	champs.	33
w/chant.mp3	chant.	33
w/chanting.mp3	chanting.	33
w/chants.mp3	chants.	33
w/chap.mp3	chap.	33
w/chaps.mp3	chaps.	33
w/chat.mp3	chat.	33
p/chat.mp3	Chat with Nan.	33
w/chats.mp3	chats.	33
w/check.mp3	check.	33
p/check.mp3	Check your bag.	33
w/checking.mp3	checking.	33
w/checks.mp3	checks.	33
w/cheek.mp3	cheek.	33
p/cheek.mp3	A kiss on the cheek.	33
w/cheeks.mp3	cheeks.	33
p/cheeks.mp3	Red cheeks.	33
w/cheng.mp3	cheng.	33
w/chess.mp3	chess.	33
p/chess.mp3	Dad plays chess.	33
w/chest.mp3	chest.	33
p/chest.mp3	A big chest.	33
w/chestnut.mp3	chestnut.	33
w/chests.mp3	chests.	33
w/chick.mp3	chick.	33
p/chick.mp3	A chick in the nest.	33
w/chicks.mp3	chicks.	33
p/chicks.mp3	Chicks on the farm.	33
w/chill.mp3	chill.	33
w/chilling.mp3	chilling.	33
w/chin.mp3	chin.	33
p/chin.mp3	A cut on my chin.	33
w/chip.mp3	chip.	33
p/chip.mp3	A hot chip.	33
w/chips.mp3	chips.	33
p/chips.mp3	Fish and chips.	33
w/chit.mp3	chit.	33
w/chop.mp3	chop.	33
p/chop.mp3	Chop the carrots.	33
w/chops.mp3	chops.	33
w/chuck.mp3	chuck.	33
w/chunk.mp3	chunk.	33
p/chunk.mp3	A chunk of bread.	33
w/chunks.mp3	chunks.	33
w/clinch.mp3	clinch.	33
w/coach.mp3	coach.	33
p/coach.mp3	A coach trip.	33
w/coaching.mp3	coaching.	33
w/cockroach.mp3	cockroach.	33
w/crunch.mp3	crunch.	33
p/crunch.mp3	Crunch, crunch!	33
w/crunching.mp3	crunching.	33
w/does.mp3	does.	33
w/enchanting.mp3	enchanting.	33
w/enrich.mp3	enrich.	33
w/enriching.mp3	enriching.	33
w/finch.mp3	finch.	33
p/finch.mp3	A finch on a branch.	33
w/hunch.mp3	hunch.	33
w/ich.mp3	ich.	33
w/inch.mp3	inch.	33
w/leech.mp3	leech.	33
w/lunch.mp3	lunch.	33
p/lunch.mp3	Lunch at school.	33
w/made.mp3	made.	33
w/much.mp3	much.	33
p/much.mp3	Thank you very much.	33
w/munch.mp3	munch.	33
w/ostrich.mp3	ostrich.	33
w/pinch.mp3	pinch.	33
p/pinch.mp3	Pinch of salt.	33
w/pinching.mp3	pinching.	33
w/poaching.mp3	poaching.	33
w/porch.mp3	porch.	33
p/porch.mp3	Sit on the porch.	33
w/punch.mp3	punch.	33
w/punching.mp3	punching.	33
w/ranch.mp3	ranch.	33
w/rich.mp3	rich.	33
p/rich.mp3	A rich cake.	33
w/roach.mp3	roach.	33
w/sandwich.mp3	sandwich.	33
w/scorching.mp3	scorching.	33
w/screeching.mp3	screeching.	33
w/speech.mp3	speech.	33
w/stench.mp3	stench.	33
w/such.mp3	such.	33
p/such.mp3	Such a big cake!	33
w/torch.mp3	torch.	33
p/torch.mp3	A torch in the tent.	33
w/trench.mp3	trench.	33
w/winch.mp3	winch.	33
s/33-1.mp3	Mum made Malak a lunch box: a bun, a fig and four nuts.	33
s/33-2.mp3	At lunch, Malak lifts the lid.	33
s/33-3.mp3	Malak checks the nuts: one, two... four!	33
s/33-4.mp3	Yuck! A bug is on the bun!	33
s/33-5.mp3	"Does it sting?" said Malak. "No," said Mum.	33
s/33-6.mp3	Malak picks it up and sets it on the grass. The bug goes off.	33
s/33-7.mp3	"Right!" "Bismillah," said Malak, and Malak can munch the bun. Yum!	33
w/ash.mp3	ash.	34
w/backlash.mp3	backlash.	34
w/banish.mp3	banish.	34
w/bash.mp3	bash.	34
w/bashing.mp3	bashing.	34
w/blush.mp3	blush.	34
w/blushing.mp3	blushing.	34
w/bookshop.mp3	bookshop.	34
w/brush.mp3	brush.	34
p/brush.mp3	Brush your teeth.	34
w/brushing.mp3	brushing.	34
w/cash.mp3	cash.	34
w/cashing.mp3	cashing.	34
w/catfish.mp3	catfish.	34
w/cherish.mp3	cherish.	34
w/clash.mp3	clash.	34
w/crash.mp3	crash.	34
w/crashing.mp3	crashing.	34
w/crush.mp3	crush.	34
p/crush.mp3	Crush the nuts.	34
w/crushing.mp3	crushing.	34
w/dash.mp3	dash.	34
p/dash.mp3	Dash to the bus!	34
w/dashing.mp3	dashing.	34
w/diminish.mp3	diminish.	34
w/diminishing.mp3	diminishing.	34
w/dish.mp3	dish.	34
p/dish.mp3	A dish of rice.	34
w/fetish.mp3	fetish.	34
w/finish.mp3	finish.	34
w/finishing.mp3	finishing.	34
w/fish.mp3	fish.	34
p/fish.mp3	A fish in the pond.	34
w/fishing.mp3	fishing.	34
w/flagship.mp3	flagship.	34
w/flash.mp3	flash.	34
p/flash.mp3	A flash of light.	34
w/flashback.mp3	flashback.	34
w/flashbacks.mp3	flashbacks.	34
w/flashing.mp3	flashing.	34
w/flemish.mp3	flemish.	34
w/flesh.mp3	flesh.	34
w/flush.mp3	flush.	34
p/flush.mp3	Flush the toilet.	34
w/flushing.mp3	flushing.	34
w/foolish.mp3	foolish.	34
w/fresh.mp3	fresh.	34
p/fresh.mp3	Fresh bread.	34
w/gosh.mp3	gosh.	34
w/greenish.mp3	greenish.	34
w/gunshot.mp3	gunshot.	34
w/gunshots.mp3	gunshots.	34
w/hash.mp3	hash.	34
w/hush.mp3	hush.	34
w/kinship.mp3	kinship.	34
w/lash.mp3	lash.	34
w/lashing.mp3	lashing.	34
w/lavish.mp3	lavish.	34
w/lordship.mp3	lordship.	34
w/lush.mp3	lush.	34
p/lush.mp3	Lush green grass.	34
w/mash.mp3	mash.	34
p/mash.mp3	Mash the potatoes.	34
w/mesh.mp3	mesh.	34
w/mushroom.mp3	mushroom.	34
w/nutshell.mp3	nutshell.	34
w/once.mp3	once.	34
w/parish.mp3	parish.	34
w/perish.mp3	perish.	34
w/plush.mp3	plush.	34
w/polish.mp3	polish.	34
w/polishing.mp3	polishing.	34
w/posh.mp3	posh.	34
w/publish.mp3	publish.	34
w/publishing.mp3	publishing.	34
w/punish.mp3	punish.	34
w/punishing.mp3	punishing.	34
w/rash.mp3	rash.	34
w/relish.mp3	relish.	34
w/rush.mp3	rush.	34
p/rush.mp3	Do not rush.	34
w/rushing.mp3	rushing.	34
w/sash.mp3	sash.	34
w/selfish.mp3	selfish.	34
w/sh.mp3	sh.	34
w/shack.mp3	shack.	34
w/shaft.mp3	shaft.	34
w/shafts.mp3	shafts.	34
w/shag.mp3	shag.	34
w/shall.mp3	shall.	34
p/shall.mp3	Shall we go?	34
w/shalt.mp3	shalt.	34
w/sham.mp3	sham.	34
w/shampoo.mp3	shampoo.	34
w/shank.mp3	shank.	34
w/shed.mp3	shed.	34
p/shed.mp3	Tools in the shed.	34
w/sheen.mp3	sheen.	34
w/sheep.mp3	sheep.	34
p/sheep.mp3	Sheep on the hill.	34
w/sheet.mp3	sheet.	34
p/sheet.mp3	A sheet on the bed.	34
w/sheets.mp3	sheets.	34
p/sheets.mp3	Fresh sheets.	34
w/shelf.mp3	shelf.	34
p/shelf.mp3	Books on the shelf.	34
w/shell.mp3	shell.	34
p/shell.mp3	A shell on the sand.	34
w/shellfish.mp3	shellfish.	34
w/shelling.mp3	shelling.	34
w/sheriff.mp3	sheriff.	34
w/shift.mp3	shift.	34
w/shifting.mp3	shifting.	34
w/shifts.mp3	shifts.	34
w/shilling.mp3	shilling.	34
w/ship.mp3	ship.	34
p/ship.mp3	A ship on the sea.	34
w/ships.mp3	ships.	34
p/ships.mp3	Ships at the port.	34
w/shock.mp3	shock.	34
w/shocking.mp3	shocking.	34
w/shocks.mp3	shocks.	34
w/shook.mp3	shook.	34
p/shook.mp3	Sam shook the box.	34
w/shooting.mp3	shooting.	34
w/shoots.mp3	shoots.	34
w/shop.mp3	shop.	34
p/shop.mp3	Go to the shop.	34
w/shops.mp3	shops.	34
w/short.mp3	short.	34
p/short.mp3	A short tail.	34
w/shorthand.mp3	shorthand.	34
w/shorts.mp3	shorts.	34
w/shortstop.mp3	shortstop.	34
w/shotgun.mp3	shotgun.	34
w/shots.mp3	shots.	34
w/shred.mp3	shred.	34
w/shrimp.mp3	shrimp.	34
w/shrink.mp3	shrink.	34
w/shrinking.mp3	shrinking.	34
w/shrinks.mp3	shrinks.	34
w/shrub.mp3	shrub.	34
w/shrug.mp3	shrug.	34
w/shrunk.mp3	shrunk.	34
w/shuffling.mp3	shuffling.	34
w/shun.mp3	shun.	34
w/shut.mp3	shut.	34
p/shut.mp3	Shut the door.	34
w/shuts.mp3	shuts.	34
w/slash.mp3	slash.	34
w/slashing.mp3	slashing.	34
w/smash.mp3	smash.	34
w/smashing.mp3	smashing.	34
w/snapshot.mp3	snapshot.	34
w/snapshots.mp3	snapshots.	34
w/splash.mp3	splash.	34
p/splash.mp3	Splash in the mud!	34
w/splashing.mp3	splashing.	34
w/stash.mp3	stash.	34
w/their.mp3	their.	34
w/trash.mp3	trash.	34
p/trash.mp3	Put the trash in the bin.	34
w/vanish.mp3	vanish.	34
w/vanishing.mp3	vanishing.	34
w/wish.mp3	wish.	34
p/wish.mp3	Make a wish.	34
w/wishful.mp3	wishful.	34
w/wishing.mp3	wishing.	34
w/always.mp3	always.	35
w/anthrax.mp3	anthrax.	35
w/athletic.mp3	athletic.	35
w/athletics.mp3	athletics.	35
w/bandwidth.mp3	bandwidth.	35
w/bath.mp3	bath.	35
p/bath.mp3	Bath time!	35
w/bathroom.mp3	bathroom.	35
w/baths.mp3	baths.	35
w/bathtub.mp3	bathtub.	35
w/blacksmith.mp3	blacksmith.	35
w/booth.mp3	booth.	35
w/booths.mp3	booths.	35
w/broth.mp3	broth.	35
w/cloth.mp3	cloth.	35
p/cloth.mp3	Wipe it with a cloth.	35
w/cloths.mp3	cloths.	35
w/depth.mp3	depth.	35
w/depths.mp3	depths.	35
w/ethic.mp3	ethic.	35
w/ethics.mp3	ethics.	35
w/ethnic.mp3	ethnic.	35
w/faith.mp3	faith.	35
w/faithful.mp3	faithful.	35
w/faithfulness.mp3	faithfulness.	35
w/faiths.mp3	faiths.	35
w/fifteenth.mp3	fifteenth.	35
w/fifth.mp3	fifth.	35
w/fifths.mp3	fifths.	35
w/filth.mp3	filth.	35
w/forth.mp3	forth.	35
w/length.mp3	length.	35
w/lengths.mp3	lengths.	35
w/loathing.mp3	loathing.	35
w/math.mp3	math.	35
w/moth.mp3	moth.	35
p/moth.mp3	A moth by the lamp.	35
w/moths.mp3	moths.	35
w/north.mp3	north.	35
w/northwest.mp3	northwest.	35
w/notwithstanding.mp3	notwithstanding.	35
w/oath.mp3	oath.	35
w/path.mp3	path.	35
p/path.mp3	A path in the woods.	35
w/paths.mp3	paths.	35
w/prosthetic.mp3	prosthetic.	35
w/sixteenth.mp3	sixteenth.	35
w/sixth.mp3	sixth.	35
w/smiths.mp3	smiths.	35
w/strength.mp3	strength.	35
w/strengths.mp3	strengths.	35
w/teeth.mp3	teeth.	35
p/teeth.mp3	Brush your teeth.	35
w/tenth.mp3	tenth.	35
w/thank.mp3	thank.	35
p/thank.mp3	Thank Allah.	35
w/thankful.mp3	thankful.	35
w/thanking.mp3	thanking.	35
w/thanks.mp3	thanks.	35
p/thanks.mp3	Thanks, Mum!	35
w/thanksgiving.mp3	thanksgiving.	35
w/theft.mp3	theft.	35
w/thick.mp3	thick.	35
p/thick.mp3	A thick book.	35
w/thin.mp3	thin.	35
p/thin.mp3	A thin stick.	35
w/thing.mp3	thing.	35
p/thing.mp3	What is that thing?	35
w/think.mp3	think.	35
p/think.mp3	Think hard.	35
w/thinking.mp3	thinking.	35
w/thinks.mp3	thinks.	35
w/thong.mp3	thong.	35
w/thorn.mp3	thorn.	35
w/thrash.mp3	thrash.	35
w/three.mp3	three.	35
p/three.mp3	Three cats.	35
w/thrift.mp3	thrift.	35
w/thrill.mp3	thrill.	35
w/thrilling.mp3	thrilling.	35
w/throat.mp3	throat.	35
p/throat.mp3	A sore throat.	35
w/throats.mp3	throats.	35
w/thrust.mp3	thrust.	35
w/thug.mp3	thug.	35
w/thumping.mp3	thumping.	35
w/tooth.mp3	tooth.	35
p/tooth.mp3	A loose tooth.	35
w/toothbrush.mp3	toothbrush.	35
w/twelfth.mp3	twelfth.	35
w/unfaithful.mp3	unfaithful.	35
w/upon.mp3	upon.	35
w/width.mp3	width.	35
w/with.mp3	with.	35
p/with.mp3	Come with me.	35
w/withheld.mp3	withheld.	35
w/within.mp3	within.	35
w/withstand.mp3	withstand.	35
w/also.mp3	also.	36
w/of.mp3	of.	36
w/smooth.mp3	smooth.	36
p/smooth.mp3	A smooth stone.	36
w/smoothing.mp3	smoothing.	36
w/soothing.mp3	soothing.	36
w/than.mp3	than.	36
p/than.mp3	Bigger than a cat.	36
w/that.mp3	that.	36
p/that.mp3	That is my cat.	36
w/them.mp3	them.	36
p/them.mp3	Help them.	36
w/then.mp3	then.	36
p/then.mp3	Then we eat.	36
w/this.mp3	this.	36
p/this.mp3	This is my book.	36
w/thus.mp3	thus.	36
s/36-1.mp3	Once, Yusuf and Dad went to the docks.	36
s/36-2.mp3	A big ship is in the port, and lots of fish swim next to it.	36
s/36-3.mp3	Yusuf and Dad sit on the deck of their little boat.	36
s/36-4.mp3	Dad got his fishing rod. Yusuf got his net.	36
s/36-5.mp3	Splash! Yusuf gets a fish in his net!	36
s/36-6.mp3	That fish is thin and fast. Dad also gets a fish.	36
s/36-7.mp3	Then Dad and Yusuf had fish and chips for lunch.	36
s/36-8.mp3	"Alhamdulillah!" said Yusuf.	36
s/36-9.mp3	"We must always thank Allah," said Dad.	36
w/conquests.mp3	conquests.	37
w/eight.mp3	eight.	37
w/inquest.mp3	inquest.	37
w/liquid.mp3	liquid.	37
w/love.mp3	love.	37
w/quack.mp3	quack.	37
w/quail.mp3	quail.	37
w/quaint.mp3	quaint.	37
w/queen.mp3	queen.	37
p/queen.mp3	The queen has a crown.	37
w/quell.mp3	quell.	37
w/quest.mp3	quest.	37
w/quests.mp3	quests.	37
w/quick.mp3	quick.	37
p/quick.mp3	Be quick!	37
w/quid.mp3	quid.	37
w/quill.mp3	quill.	37
w/quilt.mp3	quilt.	37
w/quit.mp3	quit.	37
p/quit.mp3	Do not quit.	37
w/quits.mp3	quits.	37
w/quiz.mp3	quiz.	37
p/quiz.mp3	A quiz at school.	37
w/quorum.mp3	quorum.	37
w/squeezing.mp3	squeezing.	37
w/squid.mp3	squid.	37
w/after.mp3	after.	38
w/background.mp3	background.	38
w/blackout.mp3	blackout.	38
w/bound.mp3	bound.	38
w/bout.mp3	bout.	38
w/bouts.mp3	bouts.	38
w/campground.mp3	campground.	38
w/checkout.mp3	checkout.	38
w/cloud.mp3	cloud.	38
p/cloud.mp3	A cloud in the sky.	38
w/clout.mp3	clout.	38
w/compound.mp3	compound.	38
w/couch.mp3	couch.	38
p/couch.mp3	Sit on the couch.	38
w/count.mp3	count.	38
p/count.mp3	Count to ten.	38
w/counting.mp3	counting.	38
w/counts.mp3	counts.	38
p/counts.mp3	Sam counts the sheep.	38
w/cover.mp3	cover.	38
w/crouch.mp3	crouch.	38
w/discount.mp3	discount.	38
w/discounting.mp3	discounting.	38
w/discounts.mp3	discounts.	38
w/dropout.mp3	dropout.	38
w/dugout.mp3	dugout.	38
w/flour.mp3	flour.	38
p/flour.mp3	Flour for the bread.	38
w/foul.mp3	foul.	38
w/found.mp3	found.	38
p/found.mp3	Sam found his pen.	38
w/founding.mp3	founding.	38
w/gout.mp3	gout.	38
w/ground.mp3	ground.	38
p/ground.mp3	Sit on the ground.	38
w/grounding.mp3	grounding.	38
w/handout.mp3	handout.	38
w/handouts.mp3	handouts.	38
w/hangout.mp3	hangout.	38
w/hound.mp3	hound.	38
w/inbound.mp3	inbound.	38
w/lockout.mp3	lockout.	38
w/lookout.mp3	lookout.	38
w/loud.mp3	loud.	38
p/loud.mp3	A loud bang.	38
w/mound.mp3	mound.	38
p/mound.mp3	A mound of sand.	38
w/mount.mp3	mount.	38
w/mounting.mp3	mounting.	38
w/mounts.mp3	mounts.	38
w/mouth.mp3	mouth.	38
p/mouth.mp3	Open your mouth.	38
w/northbound.mp3	northbound.	38
w/noun.mp3	noun.	38
w/ouch.mp3	ouch.	38
p/ouch.mp3	Ouch!	38
w/our.mp3	our.	38
p/our.mp3	Our cat.	38
w/out.mp3	out.	38
p/out.mp3	Go out to play.	38
w/outback.mp3	outback.	38
w/outbound.mp3	outbound.	38
w/outcast.mp3	outcast.	38
w/outfit.mp3	outfit.	38
w/outfits.mp3	outfits.	38
w/outing.mp3	outing.	38
w/outlandish.mp3	outlandish.	38
w/outlet.mp3	outlet.	38
w/outlets.mp3	outlets.	38
w/outlook.mp3	outlook.	38
w/outs.mp3	outs.	38
w/outset.mp3	outset.	38
w/outstanding.mp3	outstanding.	38
w/pouch.mp3	pouch.	38
w/pound.mp3	pound.	38
w/pounding.mp3	pounding.	38
w/proud.mp3	proud.	38
p/proud.mp3	Mum is proud of me.	38
w/round.mp3	round.	38
p/round.mp3	A round ball.	38
w/rounding.mp3	rounding.	38
w/roundup.mp3	roundup.	38
w/rout.mp3	rout.	38
w/routing.mp3	routing.	38
w/scout.mp3	scout.	38
w/scouting.mp3	scouting.	38
w/scouts.mp3	scouts.	38
w/shout.mp3	shout.	38
p/shout.mp3	Do not shout.	38
w/shouting.mp3	shouting.	38
w/shouts.mp3	shouts.	38
w/shroud.mp3	shroud.	38
w/shutout.mp3	shutout.	38
w/snout.mp3	snout.	38
w/sound.mp3	sound.	38
p/sound.mp3	A loud sound.	38
w/sounding.mp3	sounding.	38
w/sour.mp3	sour.	38
p/sour.mp3	A sour lemon.	38
w/south.mp3	south.	38
w/southbound.mp3	southbound.	38
w/southwest.mp3	southwest.	38
w/spout.mp3	spout.	38
w/sprout.mp3	sprout.	38
w/sprouts.mp3	sprouts.	38
w/standout.mp3	standout.	38
w/stout.mp3	stout.	38
w/tout.mp3	tout.	38
w/trout.mp3	trout.	38
p/trout.mp3	A trout in the river.	38
w/viscount.mp3	viscount.	38
w/vouch.mp3	vouch.	38
w/westbound.mp3	westbound.	38
w/without.mp3	without.	38
w/wound.mp3	wound.	38
w/android.mp3	android.	39
w/boil.mp3	boil.	39
p/boil.mp3	Boil the water.	39
w/boiling.mp3	boiling.	39
w/checkpoint.mp3	checkpoint.	39
w/checkpoints.mp3	checkpoints.	39
w/coil.mp3	coil.	39
w/coin.mp3	coin.	39
p/coin.mp3	A coin in my hand.	39
w/every.mp3	every.	39
w/exploit.mp3	exploit.	39
w/exploiting.mp3	exploiting.	39
w/exploits.mp3	exploits.	39
w/foil.mp3	foil.	39
w/groin.mp3	groin.	39
w/gunpoint.mp3	gunpoint.	39
w/hoist.mp3	hoist.	39
w/join.mp3	join.	39
p/join.mp3	Join the class.	39
w/joining.mp3	joining.	39
w/joint.mp3	joint.	39
w/joints.mp3	joints.	39
w/moist.mp3	moist.	39
p/moist.mp3	A moist cake.	39
w/mother.mp3	mother.	39
w/oil.mp3	oil.	39
p/oil.mp3	Oil in the pan.	39
w/pinpoint.mp3	pinpoint.	39
w/point.mp3	point.	39
p/point.mp3	Point at the moon.	39
w/pointing.mp3	pointing.	39
w/points.mp3	points.	39
w/soil.mp3	soil.	39
p/soil.mp3	Seeds in the soil.	39
w/spoil.mp3	spoil.	39
w/spoiling.mp3	spoiling.	39
w/standpoint.mp3	standpoint.	39
w/tabloid.mp3	tabloid.	39
w/toil.mp3	toil.	39
w/void.mp3	void.	39
s/39-1.mp3	Ilham found a coin on the ground. It is big and thick.	39
s/39-2.mp3	"Mother, look! A coin!"	39
s/39-3.mp3	"It is not our coin," said Mum.	39
s/39-4.mp3	Ilham and Mum went to the shop.	39
s/39-5.mp3	Ilham said to the man, "I found this coin."	39
s/39-6.mp3	"I lost it after lunch!" said the man. He thanks Ilham.	39
s/39-7.mp3	"Every good deed counts," said Mum. "I love you, Ilham."	39
w/blue.mp3	blue.	40
p/blue.mp3	The sky is blue.	40
w/bluegrass.mp3	bluegrass.	40
w/blueprint.mp3	blueprint.	40
w/blueprints.mp3	blueprints.	40
w/clue.mp3	clue.	40
p/clue.mp3	A clue.	40
w/cruel.mp3	cruel.	40
p/cruel.mp3	Do not be cruel.	40
w/cue.mp3	cue.	40
w/due.mp3	due.	40
w/father.mp3	father.	40
w/fuel.mp3	fuel.	40
w/fueling.mp3	fueling.	40
w/glue.mp3	glue.	40
p/glue.mp3	Glue the paper.	40
w/glued.mp3	glued.	40
w/hue.mp3	hue.	40
w/rescue.mp3	rescue.	40
w/rescued.mp3	rescued.	40
w/rue.mp3	rue.	40
w/subdue.mp3	subdue.	40
w/subdued.mp3	subdued.	40
w/sue.mp3	sue.	40
w/tissue.mp3	tissue.	40
w/true.mp3	true.	40
p/true.mp3	That is true.	40
w/undue.mp3	undue.	40
w/untrue.mp3	untrue.	40
w/value.mp3	value.	40
w/valued.mp3	valued.	40
w/venue.mp3	venue.	40
w/administering.mp3	administering.	41
w/advert.mp3	advert.	41
w/amber.mp3	amber.	41
w/asher.mp3	asher.	41
w/asterisk.mp3	asterisk.	41
w/asteroid.mp3	asteroid.	41
w/backer.mp3	backer.	41
w/banger.mp3	banger.	41
w/banker.mp3	banker.	41
w/banter.mp3	banter.	41
w/baxter.mp3	baxter.	41
w/becker.mp3	becker.	41
w/bender.mp3	bender.	41
w/berg.mp3	berg.	41
w/berger.mp3	berger.	41
w/berlin.mp3	berlin.	41
w/berserk.mp3	berserk.	41
w/berth.mp3	berth.	41
w/bickering.mp3	bickering.	41
w/blaster.mp3	blaster.	41
w/blender.mp3	blender.	41
w/blister.mp3	blister.	41
w/blockbuster.mp3	blockbuster.	41
w/blocker.mp3	blocker.	41
w/blunder.mp3	blunder.	41
w/boiler.mp3	boiler.	41
w/boomer.mp3	boomer.	41
w/boomerang.mp3	boomerang.	41
w/booster.mp3	booster.	41
w/border.mp3	border.	41
w/bordering.mp3	bordering.	41
w/bother.mp3	bother.	41
w/bothering.mp3	bothering.	41
w/boxer.mp3	boxer.	41
w/brainer.mp3	brainer.	41
w/breeder.mp3	breeder.	41
w/buffer.mp3	buffer.	41
w/bumper.mp3	bumper.	41
w/bunker.mp3	bunker.	41
w/butler.mp3	butler.	41
w/buzzer.mp3	buzzer.	41
w/camper.mp3	camper.	41
w/canister.mp3	canister.	41
w/caster.mp3	caster.	41
w/cavern.mp3	cavern.	41
w/chandler.mp3	chandler.	41
w/chapter.mp3	chapter.	41
w/checker.mp3	checker.	41
w/clerk.mp3	clerk.	41
w/clerks.mp3	clerks.	41
w/clever.mp3	clever.	41
w/cluster.mp3	cluster.	41
w/clustering.mp3	clustering.	41
w/coaster.mp3	coaster.	41
w/convert.mp3	convert.	41
w/converts.mp3	converts.	41
w/cooker.mp3	cooker.	41
w/cooler.mp3	cooler.	41
w/cooper.mp3	cooper.	41
w/corner.mp3	corner.	41
w/counter.mp3	counter.	41
w/counteract.mp3	counteract.	41
w/countering.mp3	countering.	41
w/counterpoint.mp3	counterpoint.	41
w/cracker.mp3	cracker.	41
w/crocker.mp3	crocker.	41
w/crusher.mp3	crusher.	41
w/cutler.mp3	cutler.	41
w/decker.mp3	decker.	41
w/deeper.mp3	deeper.	41
w/differ.mp3	differ.	41
w/differing.mp3	differing.	41
w/disclaimer.mp3	disclaimer.	41
w/disorder.mp3	disorder.	41
w/dispenser.mp3	dispenser.	41
w/divert.mp3	divert.	41
w/diverting.mp3	diverting.	41
w/dresser.mp3	dresser.	41
w/drinker.mp3	drinker.	41
w/elder.mp3	elder.	41
w/encountering.mp3	encountering.	41
w/enter.mp3	enter.	41
w/entering.mp3	entering.	41
w/entertain.mp3	entertain.	41
w/entertainer.mp3	entertainer.	41
w/entertaining.mp3	entertaining.	41
w/ever.mp3	ever.	41
w/evergreen.mp3	evergreen.	41
w/everlasting.mp3	everlasting.	41
w/expert.mp3	expert.	41
w/experts.mp3	experts.	41
w/faster.mp3	faster.	41
w/feeder.mp3	feeder.	41
w/fender.mp3	fender.	41
w/fern.mp3	fern.	41
w/filler.mp3	filler.	41
w/filter.mp3	filter.	41
w/filtering.mp3	filtering.	41
w/finisher.mp3	finisher.	41
w/fisher.mp3	fisher.	41
w/fisherman.mp3	fisherman.	41
w/fixer.mp3	fixer.	41
w/flicker.mp3	flicker.	41
w/footer.mp3	footer.	41
w/former.mp3	former.	41
w/foster.mp3	foster.	41
w/fostering.mp3	fostering.	41
w/founder.mp3	founder.	41
w/freezer.mp3	freezer.	41
w/fresher.mp3	fresher.	41
w/fucker.mp3	fucker.	41
w/gambler.mp3	gambler.	41
w/gangster.mp3	gangster.	41
w/gather.mp3	gather.	41
w/gathering.mp3	gathering.	41
w/giver.mp3	giver.	41
w/goalkeeper.mp3	goalkeeper.	41
w/golfer.mp3	golfer.	41
w/greener.mp3	greener.	41
w/hacker.mp3	hacker.	41
w/hamper.mp3	hamper.	41
w/hamster.mp3	hamster.	41
w/handler.mp3	handler.	41
w/hanger.mp3	hanger.	41
w/helicopter.mp3	helicopter.	41
w/heller.mp3	heller.	41
w/helper.mp3	helper.	41
w/her.mp3	her.	41
p/her.mp3	Her cat.	41
w/herb.mp3	herb.	41
w/herd.mp3	herd.	41
p/herd.mp3	A herd of goats.	41
w/herself.mp3	herself.	41
w/hinder.mp3	hinder.	41
w/hipster.mp3	hipster.	41
w/hooker.mp3	hooker.	41
w/hooper.mp3	hooper.	41
w/hoover.mp3	hoover.	41
w/horner.mp3	horner.	41
w/hunter.mp3	hunter.	41
w/importer.mp3	importer.	41
w/improper.mp3	improper.	41
w/inert.mp3	inert.	41
w/infer.mp3	infer.	41
w/insert.mp3	insert.	41
w/inserting.mp3	inserting.	41
w/inserts.mp3	inserts.	41
w/inter.mp3	inter.	41
w/interact.mp3	interact.	41
w/interacting.mp3	interacting.	41
w/interacts.mp3	interacts.	41
w/intern.mp3	intern.	41
w/internet.mp3	internet.	41
w/internship.mp3	internship.	41
w/internships.mp3	internships.	41
w/interpreting.mp3	interpreting.	41
w/intersect.mp3	intersect.	41
w/jerking.mp3	jerking.	41
w/jumper.mp3	jumper.	41
w/keeper.mp3	keeper.	41
w/keller.mp3	keller.	41
w/kern.mp3	kern.	41
w/kicker.mp3	kicker.	41
w/killer.mp3	killer.	41
w/lambert.mp3	lambert.	41
w/lander.mp3	lander.	41
w/lantern.mp3	lantern.	41
w/lender.mp3	lender.	41
w/lesser.mp3	lesser.	41
w/lever.mp3	lever.	41
w/linger.mp3	linger.	41
w/lister.mp3	lister.	41
w/liver.mp3	liver.	41
w/loader.mp3	loader.	41
w/lobster.mp3	lobster.	41
w/locker.mp3	locker.	41
w/louder.mp3	louder.	41
w/lumber.mp3	lumber.	41
w/master.mp3	master.	41
w/masterful.mp3	masterful.	41
w/mastering.mp3	mastering.	41
w/mater.mp3	mater.	41
w/mather.mp3	mather.	41
w/maverick.mp3	maverick.	41
w/mavericks.mp3	mavericks.	41
w/member.mp3	member.	41
w/membership.mp3	membership.	41
w/memberships.mp3	memberships.	41
w/mermaid.mp3	mermaid.	41
w/midterm.mp3	midterm.	41
w/midwestern.mp3	midwestern.	41
w/miller.mp3	miller.	41
w/milner.mp3	milner.	41
w/minister.mp3	minister.	41
w/mister.mp3	mister.	41
w/misunderstand.mp3	misunderstand.	41
w/misunderstanding.mp3	misunderstanding.	41
w/misunderstood.mp3	misunderstood.	41
w/mixer.mp3	mixer.	41
w/modern.mp3	modern.	41
w/modernist.mp3	modernist.	41
w/moniker.mp3	moniker.	41
w/monster.mp3	monster.	41
w/mulder.mp3	mulder.	41
w/muller.mp3	muller.	41
w/muster.mp3	muster.	41
w/never.mp3	never.	41
w/northern.mp3	northern.	41
w/northwestern.mp3	northwestern.	41
w/number.mp3	number.	41
w/numbering.mp3	numbering.	41
w/offer.mp3	offer.	41
w/offering.mp3	offering.	41
w/order.mp3	order.	41
w/ordering.mp3	ordering.	41
w/outer.mp3	outer.	41
w/outperform.mp3	outperform.	41
w/packer.mp3	packer.	41
w/painter.mp3	painter.	41
w/panther.mp3	panther.	41
w/passer.mp3	passer.	41
w/per.mp3	per.	41
w/perch.mp3	perch.	41
w/perfect.mp3	perfect.	41
w/perfecting.mp3	perfecting.	41
w/perform.mp3	perform.	41
w/performer.mp3	performer.	41
w/performing.mp3	performing.	41
w/perhaps.mp3	perhaps.	41
w/perk.mp3	perk.	41
w/permit.mp3	permit.	41
w/permits.mp3	permits.	41
w/persist.mp3	persist.	41
w/persists.mp3	persists.	41
w/pertaining.mp3	pertaining.	41
w/pervert.mp3	pervert.	41
w/pickering.mp3	pickering.	41
w/planter.mp3	planter.	41
w/plaster.mp3	plaster.	41
w/plunder.mp3	plunder.	41
w/pointer.mp3	pointer.	41
w/ponder.mp3	ponder.	41
w/pondering.mp3	pondering.	41
w/poorer.mp3	poorer.	41
w/porter.mp3	porter.	41
w/printer.mp3	printer.	41
w/proper.mp3	proper.	41
w/prosper.mp3	prosper.	41
w/proverb.mp3	proverb.	41
w/publisher.mp3	publisher.	41
w/punter.mp3	punter.	41
w/quicker.mp3	quicker.	41
w/raider.mp3	raider.	41
w/rancher.mp3	rancher.	41
w/rather.mp3	rather.	41
w/referee.mp3	referee.	41
w/referendum.mp3	referendum.	41
w/render.mp3	render.	41
w/rendering.mp3	rendering.	41
w/richer.mp3	richer.	41
w/ringer.mp3	ringer.	41
w/river.mp3	river.	41
w/rocker.mp3	rocker.	41
w/rooster.mp3	rooster.	41
w/roster.mp3	roster.	41
w/rounder.mp3	rounder.	41
w/router.mp3	router.	41
w/sampler.mp3	sampler.	41
w/scooter.mp3	scooter.	41
w/scorer.mp3	scorer.	41
w/seeker.mp3	seeker.	41
w/seller.mp3	seller.	41
w/sender.mp3	sender.	41
w/server.mp3	server.	41
w/serving.mp3	serving.	41
w/sever.mp3	sever.	41
w/shelter.mp3	shelter.	41
w/sherlock.mp3	sherlock.	41
w/shifter.mp3	shifter.	41
w/shiver.mp3	shiver.	41
w/shivering.mp3	shivering.	41
w/shocker.mp3	shocker.	41
w/shooter.mp3	shooter.	41
w/shorter.mp3	shorter.	41
w/silver.mp3	silver.	41
w/simpler.mp3	simpler.	41
w/singer.mp3	singer.	41
w/sinister.mp3	sinister.	41
w/sister.mp3	sister.	41
w/slander.mp3	slander.	41
w/sleeper.mp3	sleeper.	41
w/slender.mp3	slender.	41
w/slumber.mp3	slumber.	41
w/smoother.mp3	smoother.	41
w/snooker.mp3	snooker.	41
w/softer.mp3	softer.	41
w/somber.mp3	somber.	41
w/sooner.mp3	sooner.	41
w/southwestern.mp3	southwestern.	41
w/specter.mp3	specter.	41
w/splinter.mp3	splinter.	41
w/spoiler.mp3	spoiler.	41
w/springer.mp3	springer.	41
w/sprinkler.mp3	sprinkler.	41
w/sprinter.mp3	sprinter.	41
w/staffer.mp3	staffer.	41
w/sterling.mp3	sterling.	41
w/steroid.mp3	steroid.	41
w/sticker.mp3	sticker.	41
w/stricter.mp3	stricter.	41
w/stringer.mp3	stringer.	41
w/stronger.mp3	stronger.	41
w/sucker.mp3	sucker.	41
w/suffer.mp3	suffer.	41
w/suffering.mp3	suffering.	41
w/sumner.mp3	sumner.	41
w/sweeter.mp3	sweeter.	41
w/tampering.mp3	tampering.	41
w/tanker.mp3	tanker.	41
w/tavern.mp3	tavern.	41
w/teller.mp3	teller.	41
w/temper.mp3	temper.	41
w/tender.mp3	tender.	41
w/term.mp3	term.	41
w/terminus.mp3	terminus.	41
w/tester.mp3	tester.	41
w/thicker.mp3	thicker.	41
w/thinker.mp3	thinker.	41
w/thriller.mp3	thriller.	41
w/thunder.mp3	thunder.	41
w/thunderbolt.mp3	thunderbolt.	41
w/thunderstorm.mp3	thunderstorm.	41
w/ticker.mp3	ticker.	41
w/timber.mp3	timber.	41
w/tinder.mp3	tinder.	41
w/tinker.mp3	tinker.	41
w/toaster.mp3	toaster.	41
w/tracker.mp3	tracker.	41
w/trailer.mp3	trailer.	41
w/trainer.mp3	trainer.	41
w/transfer.mp3	transfer.	41
w/transformer.mp3	transformer.	41
w/transporter.mp3	transporter.	41
w/trooper.mp3	trooper.	41
w/tucker.mp3	tucker.	41
w/twister.mp3	twister.	41
w/ulster.mp3	ulster.	41
w/under.mp3	under.	41
w/undercut.mp3	undercut.	41
w/underdog.mp3	underdog.	41
w/underground.mp3	underground.	41
w/understand.mp3	understand.	41
w/understanding.mp3	understanding.	41
w/understood.mp3	understood.	41
w/undertook.mp3	undertook.	41
w/underwent.mp3	underwent.	41
w/underwood.mp3	underwood.	41
w/usher.mp3	usher.	41
w/verb.mp3	verb.	41
w/verdict.mp3	verdict.	41
w/versus.mp3	versus.	41
w/vertex.mp3	vertex.	41
w/voucher.mp3	voucher.	41
w/waiter.mp3	waiter.	41
w/waiver.mp3	waiver.	41
w/weber.mp3	weber.	41
w/webster.mp3	webster.	41
w/weller.mp3	weller.	41
w/western.mp3	western.	41
w/wicker.mp3	wicker.	41
w/wiener.mp3	wiener.	41
w/winger.mp3	winger.	41
w/winter.mp3	winter.	41
w/wither.mp3	wither.	41
w/yorker.mp3	yorker.	41
w/antarctic.mp3	antarctic.	42
w/arc.mp3	arc.	42
w/arch.mp3	arch.	42
p/arch.mp3	An arch.	42
w/archer.mp3	archer.	42
w/arcs.mp3	arcs.	42
w/arctic.mp3	arctic.	42
w/ard.mp3	ard.	42
w/argue.mp3	argue.	42
w/argued.mp3	argued.	42
w/argus.mp3	argus.	42
w/arjun.mp3	arjun.	42
w/ark.mp3	ark.	42
w/arm.mp3	arm.	42
p/arm.mp3	My arm.	42
w/arming.mp3	arming.	42
w/armpit.mp3	armpit.	42
w/art.mp3	art.	42
p/art.mp3	Art at school.	42
w/artist.mp3	artist.	42
w/artistic.mp3	artistic.	42
w/artists.mp3	artists.	42
w/arts.mp3	arts.	42
w/barb.mp3	barb.	42
w/barbaric.mp3	barbaric.	42
w/barber.mp3	barber.	42
w/bard.mp3	bard.	42
w/bark.mp3	bark.	42
p/bark.mp3	The bark of a tree.	42
w/barker.mp3	barker.	42
w/barking.mp3	barking.	42
w/barks.mp3	barks.	42
w/barn.mp3	barn.	42
p/barn.mp3	Hay in the barn.	42
w/barnard.mp3	barnard.	42
w/bartender.mp3	bartender.	42
w/barter.mp3	barter.	42
w/benchmark.mp3	benchmark.	42
w/benchmarks.mp3	benchmarks.	42
w/bookmark.mp3	bookmark.	42
w/car.mp3	car.	42
p/car.mp3	Dad's car.	42
w/card.mp3	card.	42
p/card.mp3	A card for Mum.	42
w/carlin.mp3	carlin.	42
w/carp.mp3	carp.	42
w/cart.mp3	cart.	42
p/cart.mp3	A cart.	42
w/cartel.mp3	cartel.	42
w/cartoon.mp3	cartoon.	42
w/carts.mp3	carts.	42
w/carver.mp3	carver.	42
w/carving.mp3	carving.	42
w/char.mp3	char.	42
w/charcoal.mp3	charcoal.	42
w/charm.mp3	charm.	42
w/charming.mp3	charming.	42
w/chart.mp3	chart.	42
p/chart.mp3	A chart on the wall.	42
w/charter.mp3	charter.	42
w/charting.mp3	charting.	42
w/charts.mp3	charts.	42
w/counterpart.mp3	counterpart.	42
w/counterparts.mp3	counterparts.	42
w/dar.mp3	dar.	42
w/dark.mp3	dark.	42
p/dark.mp3	It is dark.	42
w/darker.mp3	darker.	42
w/darling.mp3	darling.	42
w/darn.mp3	darn.	42
w/dart.mp3	dart.	42
w/darts.mp3	darts.	42
w/disarm.mp3	disarm.	42
w/discard.mp3	discard.	42
w/embark.mp3	embark.	42
w/embarking.mp3	embarking.	42
w/far.mp3	far.	42
p/far.mp3	Not far.	42
w/farm.mp3	farm.	42
p/farm.mp3	A farm with goats.	42
w/farmer.mp3	farmer.	42
w/farming.mp3	farming.	42
w/farmland.mp3	farmland.	42
w/farther.mp3	farther.	42
w/garb.mp3	garb.	42
w/garlic.mp3	garlic.	42
w/garner.mp3	garner.	42
w/garnish.mp3	garnish.	42
w/hard.mp3	hard.	42
p/hard.mp3	A hard rock.	42
w/harder.mp3	harder.	42
w/harding.mp3	harding.	42
w/hardship.mp3	hardship.	42
w/hardships.mp3	hardships.	42
w/hardwood.mp3	hardwood.	42
w/harm.mp3	harm.	42
p/harm.mp3	Do no harm.	42
w/harmful.mp3	harmful.	42
w/harming.mp3	harming.	42
w/harmonic.mp3	harmonic.	42
w/harp.mp3	harp.	42
w/harper.mp3	harper.	42
w/harsh.mp3	harsh.	42
w/harsher.mp3	harsher.	42
w/impart.mp3	impart.	42
w/jar.mp3	jar.	42
p/jar.mp3	A jar of jam.	42
w/landmark.mp3	landmark.	42
w/landmarks.mp3	landmarks.	42
w/lark.mp3	lark.	42
w/lombard.mp3	lombard.	42
w/lumbar.mp3	lumbar.	42
w/march.mp3	march.	42
p/march.mp3	March on the spot.	42
w/marching.mp3	marching.	42
w/mark.mp3	mark.	42
p/mark.mp3	A mark on the page.	42
w/marker.mp3	marker.	42
w/marking.mp3	marking.	42
w/marks.mp3	marks.	42
w/markup.mp3	markup.	42
w/marsh.mp3	marsh.	42
w/mart.mp3	mart.	42
w/narcotic.mp3	narcotic.	42
w/narcotics.mp3	narcotics.	42
w/park.mp3	park.	42
p/park.mp3	Play in the park.	42
w/parking.mp3	parking.	42
w/parks.mp3	parks.	42
w/part.mp3	part.	42
p/part.mp3	Part of the cake.	42
w/parting.mp3	parting.	42
w/partner.mp3	partner.	42
w/partnering.mp3	partnering.	42
w/partnership.mp3	partnership.	42
w/partnerships.mp3	partnerships.	42
w/parts.mp3	parts.	42
w/quark.mp3	quark.	42
w/sar.mp3	sar.	42
w/sarcastic.mp3	sarcastic.	42
w/scar.mp3	scar.	42
w/scarf.mp3	scarf.	42
p/scarf.mp3	A wool scarf.	42
w/shard.mp3	shard.	42
w/shark.mp3	shark.	42
p/shark.mp3	A shark in the sea.	42
w/sharks.mp3	sharks.	42
w/sharp.mp3	sharp.	42
p/sharp.mp3	A sharp pin.	42
w/sharper.mp3	sharper.	42
w/shipyard.mp3	shipyard.	42
w/smart.mp3	smart.	42
p/smart.mp3	A smart kid.	42
w/smarter.mp3	smarter.	42
w/spar.mp3	spar.	42
w/spark.mp3	spark.	42
p/spark.mp3	A spark.	42
w/sparking.mp3	sparking.	42
w/sparkling.mp3	sparkling.	42
w/sparks.mp3	sparks.	42
w/star.mp3	star.	42
p/star.mp3	A star in the sky.	42
w/starch.mp3	starch.	42
w/starfish.mp3	starfish.	42
w/stark.mp3	stark.	42
w/starling.mp3	starling.	42
w/starship.mp3	starship.	42
w/start.mp3	start.	42
p/start.mp3	Start the race.	42
w/starter.mp3	starter.	42
w/starting.mp3	starting.	42
w/startling.mp3	startling.	42
w/starts.mp3	starts.	42
w/starving.mp3	starving.	42
w/streetcar.mp3	streetcar.	42
w/tar.mp3	tar.	42
w/tarmac.mp3	tarmac.	42
w/tart.mp3	tart.	42
w/tsar.mp3	tsar.	42
w/varnish.mp3	varnish.	42
w/yard.mp3	yard.	42
p/yard.mp3	Play in the yard.	42
w/yarn.mp3	yarn.	42
p/yarn.mp3	A ball of yarn.	42
s/42-1.mp3	It is dark. Amin is out in the yard with his father.	42
s/42-2.mp3	A big star is up in the dark.	42
s/42-3.mp3	"Look, Dad! Is that star far?"	42
s/42-4.mp3	"It is far, far, far," said Dad.	42
s/42-5.mp3	A cloud floats past. The star is lost!	42
s/42-6.mp3	Amin points. "Look! It is back!"	42
s/42-7.mp3	Amin is so proud.	42
